epoch_s,iso_time,value,raw
1763615196.9626036,2025-11-20T16:06:36.962604,0.3292457,3.292457E-01
1763615197.0132556,2025-11-20T16:06:37.013256,0.3292457,3.292457E-01
1763615197.0684123,2025-11-20T16:06:37.068412,0.3881105,3.881105E-01
1763615197.113569,2025-11-20T16:06:37.113569,0.3881105,3.881105E-01
1763615197.1633294,2025-11-20T16:06:37.163329,0.3881105,3.881105E-01
1763615197.2137513,2025-11-20T16:06:37.213751,0.3881105,3.881105E-01
1763615197.2632697,2025-11-20T16:06:37.263270,0.3881105,3.881105E-01
1763615197.3137283,2025-11-20T16:06:37.313728,0.3881105,3.881105E-01
1763615197.3683066,2025-11-20T16:06:37.368307,0.3291354,3.291354E-01
1763615197.4132435,2025-11-20T16:06:37.413244,0.3291354,3.291354E-01
1763615197.4637885,2025-11-20T16:06:37.463789,0.3291354,3.291354E-01
1763615197.5131657,2025-11-20T16:06:37.513166,0.3291354,3.291354E-01
1763615197.5628037,2025-11-20T16:06:37.562804,0.3291354,3.291354E-01
1763615197.6134837,2025-11-20T16:06:37.613484,0.3291354,3.291354E-01
1763615197.6673021,2025-11-20T16:06:37.667302,0.3285375,3.285375E-01
1763615197.7135942,2025-11-20T16:06:37.713594,0.3285375,3.285375E-01
1763615197.763517,2025-11-20T16:06:37.763517,0.3285375,3.285375E-01
1763615197.8136842,2025-11-20T16:06:37.813684,0.3285375,3.285375E-01
1763615197.8632305,2025-11-20T16:06:37.863230,0.3285375,3.285375E-01
1763615197.9130847,2025-11-20T16:06:37.913085,0.3285375,3.285375E-01
1763615197.9670558,2025-11-20T16:06:37.967056,0.3901176,3.901176E-01
1763615198.0133703,2025-11-20T16:06:38.013370,0.3901176,3.901176E-01
1763615198.0632992,2025-11-20T16:06:38.063299,0.3901176,3.901176E-01
1763615198.1131666,2025-11-20T16:06:38.113167,0.3901176,3.901176E-01
1763615198.1633053,2025-11-20T16:06:38.163305,0.3901176,3.901176E-01
1763615198.2139144,2025-11-20T16:06:38.213914,0.3901176,3.901176E-01
1763615198.2631903,2025-11-20T16:06:38.263190,0.3901176,3.901176E-01
1763615198.3131526,2025-11-20T16:06:38.313153,0.3901176,3.901176E-01
1763615198.3631592,2025-11-20T16:06:38.363159,0.3901176,3.901176E-01
1763615198.415972,2025-11-20T16:06:38.415972,0.3825482,3.825482E-01
1763615198.4631383,2025-11-20T16:06:38.463138,0.3825482,3.825482E-01
1763615198.5130217,2025-11-20T16:06:38.513022,0.3825482,3.825482E-01
1763615198.563435,2025-11-20T16:06:38.563435,0.3825482,3.825482E-01
1763615198.6132817,2025-11-20T16:06:38.613282,0.3825482,3.825482E-01
1763615198.6634836,2025-11-20T16:06:38.663484,0.3825482,3.825482E-01
1763615198.7157862,2025-11-20T16:06:38.715786,0.3708578,3.708578E-01
1763615198.762869,2025-11-20T16:06:38.762869,0.3708578,3.708578E-01
1763615198.813364,2025-11-20T16:06:38.813364,0.3708578,3.708578E-01
1763615198.8631144,2025-11-20T16:06:38.863114,0.3708578,3.708578E-01
1763615198.9132652,2025-11-20T16:06:38.913265,0.3708578,3.708578E-01
1763615198.9636462,2025-11-20T16:06:38.963646,0.3708578,3.708578E-01
1763615199.016804,2025-11-20T16:06:39.016804,0.3715411,3.715411E-01
1763615199.063699,2025-11-20T16:06:39.063699,0.3715411,3.715411E-01
1763615199.1134524,2025-11-20T16:06:39.113452,0.3715411,3.715411E-01
1763615199.163164,2025-11-20T16:06:39.163164,0.3715411,3.715411E-01
1763615199.2141323,2025-11-20T16:06:39.214132,0.3715411,3.715411E-01
1763615199.2635498,2025-11-20T16:06:39.263550,0.3715411,3.715411E-01
1763615199.3167005,2025-11-20T16:06:39.316700,0.3713917,3.713917E-01
1763615199.36341,2025-11-20T16:06:39.363410,0.3713917,3.713917E-01
1763615199.413838,2025-11-20T16:06:39.413838,0.3713917,3.713917E-01
1763615199.4638333,2025-11-20T16:06:39.463833,0.3713917,3.713917E-01
1763615199.5136824,2025-11-20T16:06:39.513682,0.3713917,3.713917E-01
1763615199.5640116,2025-11-20T16:06:39.564012,0.3713917,3.713917E-01
1763615199.6139567,2025-11-20T16:06:39.613957,0.3713917,3.713917E-01
1763615199.6632736,2025-11-20T16:06:39.663274,0.3713917,3.713917E-01
1763615199.7141747,2025-11-20T16:06:39.714175,0.3713917,3.713917E-01
1763615199.7669244,2025-11-20T16:06:39.766924,0.3710251,3.710251E-01
1763615199.8138163,2025-11-20T16:06:39.813816,0.3710251,3.710251E-01
1763615199.8637908,2025-11-20T16:06:39.863791,0.3710251,3.710251E-01
1763615199.9136064,2025-11-20T16:06:39.913606,0.3710251,3.710251E-01
1763615199.963738,2025-11-20T16:06:39.963738,0.3710251,3.710251E-01
1763615200.013273,2025-11-20T16:06:40.013273,0.3710251,3.710251E-01
1763615200.0658777,2025-11-20T16:06:40.065878,0.3437937,3.437937E-01
1763615200.113417,2025-11-20T16:06:40.113417,0.3437937,3.437937E-01
1763615200.1633742,2025-11-20T16:06:40.163374,0.3437937,3.437937E-01
1763615200.213229,2025-11-20T16:06:40.213229,0.3437937,3.437937E-01
1763615200.2630987,2025-11-20T16:06:40.263099,0.3437937,3.437937E-01
1763615200.3134265,2025-11-20T16:06:40.313426,0.3437937,3.437937E-01
1763615200.3657668,2025-11-20T16:06:40.365767,0.1651068,1.651068E-01
1763615200.413935,2025-11-20T16:06:40.413935,0.1651068,1.651068E-01
1763615200.4635146,2025-11-20T16:06:40.463515,0.1651068,1.651068E-01
1763615200.5133715,2025-11-20T16:06:40.513371,0.1651068,1.651068E-01
1763615200.5639565,2025-11-20T16:06:40.563956,0.1651068,1.651068E-01
1763615200.6133275,2025-11-20T16:06:40.613328,0.1651068,1.651068E-01
1763615200.665566,2025-11-20T16:06:40.665566,0.1651551,1.651551E-01
1763615200.713394,2025-11-20T16:06:40.713394,0.1651551,1.651551E-01
1763615200.7632933,2025-11-20T16:06:40.763293,0.1651551,1.651551E-01
1763615200.8132877,2025-11-20T16:06:40.813288,0.1651551,1.651551E-01
1763615200.8634212,2025-11-20T16:06:40.863421,0.1651551,1.651551E-01
1763615200.9140725,2025-11-20T16:06:40.914073,0.1651551,1.651551E-01
1763615200.965456,2025-11-20T16:06:40.965456,0.1647438,1.647438E-01
1763615201.0136187,2025-11-20T16:06:41.013619,0.1647438,1.647438E-01
1763615201.0640075,2025-11-20T16:06:41.064008,0.1647438,1.647438E-01
1763615201.1141686,2025-11-20T16:06:41.114169,0.1647438,1.647438E-01
1763615201.1640267,2025-11-20T16:06:41.164027,0.1647438,1.647438E-01
1763615201.2274203,2025-11-20T16:06:41.227420,0.1647438,1.647438E-01
1763615201.2638197,2025-11-20T16:06:41.263820,0.1647438,1.647438E-01
1763615201.3141656,2025-11-20T16:06:41.314166,0.1647438,1.647438E-01
1763615201.3635485,2025-11-20T16:06:41.363549,0.1647438,1.647438E-01
1763615201.4156525,2025-11-20T16:06:41.415653,0.1653311,1.653311E-01
1763615201.4640572,2025-11-20T16:06:41.464057,0.1653311,1.653311E-01
1763615201.5137513,2025-11-20T16:06:41.513751,0.1653311,1.653311E-01
1763615201.563711,2025-11-20T16:06:41.563711,0.1653311,1.653311E-01
1763615201.6140516,2025-11-20T16:06:41.614052,0.1653311,1.653311E-01
1763615201.663225,2025-11-20T16:06:41.663225,0.1653311,1.653311E-01
1763615201.7163603,2025-11-20T16:06:41.716360,0.1650535,1.650535E-01
1763615201.7638757,2025-11-20T16:06:41.763876,0.1650535,1.650535E-01
1763615201.8139298,2025-11-20T16:06:41.813930,0.1650535,1.650535E-01
1763615201.8631675,2025-11-20T16:06:41.863168,0.1650535,1.650535E-01
1763615201.9132726,2025-11-20T16:06:41.913273,0.1650535,1.650535E-01
1763615201.963857,2025-11-20T16:06:41.963857,0.1650535,1.650535E-01
1763615202.0151963,2025-11-20T16:06:42.015196,0.1649894,1.649894E-01
1763615202.0644171,2025-11-20T16:06:42.064417,0.1649894,1.649894E-01
1763615202.114433,2025-11-20T16:06:42.114433,0.1649894,1.649894E-01
1763615202.1645625,2025-11-20T16:06:42.164562,0.1649894,1.649894E-01
1763615202.2139206,2025-11-20T16:06:42.213921,0.1649894,1.649894E-01
1763615202.2638235,2025-11-20T16:06:42.263824,0.1649894,1.649894E-01
1763615202.315377,2025-11-20T16:06:42.315377,0.1653417,1.653417E-01
1763615202.3633578,2025-11-20T16:06:42.363358,0.1653417,1.653417E-01
1763615202.414091,2025-11-20T16:06:42.414091,0.1653417,1.653417E-01
1763615202.4634998,2025-11-20T16:06:42.463500,0.1653417,1.653417E-01
1763615202.513416,2025-11-20T16:06:42.513416,0.1653417,1.653417E-01
1763615202.5636265,2025-11-20T16:06:42.563627,0.1653417,1.653417E-01
1763615202.6163328,2025-11-20T16:06:42.616333,0.1652136,1.652136E-01
1763615202.6635914,2025-11-20T16:06:42.663591,0.1652136,1.652136E-01
1763615202.7133286,2025-11-20T16:06:42.713329,0.1652136,1.652136E-01
1763615202.7633708,2025-11-20T16:06:42.763371,0.1652136,1.652136E-01
1763615202.8144178,2025-11-20T16:06:42.814418,0.1652136,1.652136E-01
1763615202.863328,2025-11-20T16:06:42.863328,0.1652136,1.652136E-01
1763615202.9143543,2025-11-20T16:06:42.914354,0.1652136,1.652136E-01
1763615202.9631567,2025-11-20T16:06:42.963157,0.1652136,1.652136E-01
1763615203.014198,2025-11-20T16:06:43.014198,0.1652136,1.652136E-01
1763615203.066822,2025-11-20T16:06:43.066822,0.1650392,1.650392E-01
1763615203.113203,2025-11-20T16:06:43.113203,0.1650392,1.650392E-01
1763615203.1644793,2025-11-20T16:06:43.164479,0.1650392,1.650392E-01
1763615203.2137997,2025-11-20T16:06:43.213800,0.1650392,1.650392E-01
1763615203.2634397,2025-11-20T16:06:43.263440,0.1650392,1.650392E-01
1763615203.3137424,2025-11-20T16:06:43.313742,0.1650392,1.650392E-01
1763615203.3658175,2025-11-20T16:06:43.365818,0.1649787,1.649787E-01
1763615203.4144573,2025-11-20T16:06:43.414457,0.1649787,1.649787E-01
1763615203.4639397,2025-11-20T16:06:43.463940,0.1649787,1.649787E-01
1763615203.5139062,2025-11-20T16:06:43.513906,0.1649787,1.649787E-01
1763615203.5635607,2025-11-20T16:06:43.563561,0.1649787,1.649787E-01
1763615203.6141145,2025-11-20T16:06:43.614115,0.1649787,1.649787E-01
1763615203.6662242,2025-11-20T16:06:43.666224,0.1649574,1.649574E-01
1763615203.7138271,2025-11-20T16:06:43.713827,0.1649574,1.649574E-01
1763615203.7638845,2025-11-20T16:06:43.763885,0.1649574,1.649574E-01
1763615203.8142679,2025-11-20T16:06:43.814268,0.1649574,1.649574E-01
1763615203.8645632,2025-11-20T16:06:43.864563,0.1649574,1.649574E-01
1763615203.9135282,2025-11-20T16:06:43.913528,0.1649574,1.649574E-01
1763615203.966063,2025-11-20T16:06:43.966063,0.164904,1.649040E-01
1763615204.0142965,2025-11-20T16:06:44.014297,0.164904,1.649040E-01
1763615204.0643218,2025-11-20T16:06:44.064322,0.164904,1.649040E-01
1763615204.114347,2025-11-20T16:06:44.114347,0.164904,1.649040E-01
1763615204.1630974,2025-11-20T16:06:44.163097,0.164904,1.649040E-01
1763615204.2133946,2025-11-20T16:06:44.213395,0.164904,1.649040E-01
1763615204.2638965,2025-11-20T16:06:44.263896,0.164904,1.649040E-01
1763615204.3144782,2025-11-20T16:06:44.314478,0.164904,1.649040E-01
1763615204.4143152,2025-11-20T16:06:44.414315,0.1650535,1.650535E-01
1763615204.4196026,2025-11-20T16:06:44.419603,0.1650535,1.650535E-01
1763615204.4636345,2025-11-20T16:06:44.463634,0.1650535,1.650535E-01
1763615204.5274625,2025-11-20T16:06:44.527462,0.1650535,1.650535E-01
1763615204.564406,2025-11-20T16:06:44.564406,0.1650535,1.650535E-01
1763615204.6133559,2025-11-20T16:06:44.613356,0.1650535,1.650535E-01
1763615204.714022,2025-11-20T16:06:44.714022,0.1650962,1.650962E-01
1763615204.7195928,2025-11-20T16:06:44.719593,0.1650962,1.650962E-01
1763615204.763395,2025-11-20T16:06:44.763395,0.1650962,1.650962E-01
1763615204.82715,2025-11-20T16:06:44.827150,0.1650962,1.650962E-01
1763615204.864118,2025-11-20T16:06:44.864118,0.1650962,1.650962E-01
1763615204.9141812,2025-11-20T16:06:44.914181,0.1650962,1.650962E-01
1763615205.0135493,2025-11-20T16:06:45.013549,0.1650001,1.650001E-01
1763615205.0183263,2025-11-20T16:06:45.018326,0.1650001,1.650001E-01
1763615205.0639918,2025-11-20T16:06:45.063992,0.1650001,1.650001E-01
1763615205.125957,2025-11-20T16:06:45.125957,0.1650001,1.650001E-01
1763615205.1644998,2025-11-20T16:06:45.164500,0.1650001,1.650001E-01
1763615205.2137613,2025-11-20T16:06:45.213761,0.1650001,1.650001E-01
1763615205.3124943,2025-11-20T16:06:45.312494,0.1650748,1.650748E-01
1763615205.3172574,2025-11-20T16:06:45.317257,0.1650748,1.650748E-01
1763615205.3633497,2025-11-20T16:06:45.363350,0.1650748,1.650748E-01
1763615205.4259524,2025-11-20T16:06:45.425952,0.1650748,1.650748E-01
1763615205.464435,2025-11-20T16:06:45.464435,0.1650748,1.650748E-01
1763615205.5135565,2025-11-20T16:06:45.513556,0.1650748,1.650748E-01
1763615205.6122344,2025-11-20T16:06:45.612234,0.1654592,1.654592E-01
1763615205.6177075,2025-11-20T16:06:45.617707,0.1654592,1.654592E-01
1763615205.664258,2025-11-20T16:06:45.664258,0.1654592,1.654592E-01
1763615205.7255137,2025-11-20T16:06:45.725514,0.1654592,1.654592E-01
1763615205.7639334,2025-11-20T16:06:45.763933,0.1654592,1.654592E-01
1763615205.8145878,2025-11-20T16:06:45.814588,0.1654592,1.654592E-01
1763615205.8747349,2025-11-20T16:06:45.874735,0.1654592,1.654592E-01
1763615205.9143448,2025-11-20T16:06:45.914345,0.1654592,1.654592E-01
1763615205.9632647,2025-11-20T16:06:45.963265,0.1654592,1.654592E-01
1763615206.0608382,2025-11-20T16:06:46.060838,0.1650464,1.650464E-01
1763615206.0655062,2025-11-20T16:06:46.065506,0.1650464,1.650464E-01
1763615206.1132667,2025-11-20T16:06:46.113267,0.1650464,1.650464E-01
1763615206.1739185,2025-11-20T16:06:46.173918,0.1650464,1.650464E-01
1763615206.2132819,2025-11-20T16:06:46.213282,0.1650464,1.650464E-01
1763615206.263772,2025-11-20T16:06:46.263772,0.1650464,1.650464E-01
1763615206.360541,2025-11-20T16:06:46.360541,0.1649681,1.649681E-01
1763615206.3653197,2025-11-20T16:06:46.365320,0.1649681,1.649681E-01
1763615206.4137573,2025-11-20T16:06:46.413757,0.1649681,1.649681E-01
1763615206.473287,2025-11-20T16:06:46.473287,0.1649681,1.649681E-01
1763615206.5139637,2025-11-20T16:06:46.513964,0.1649681,1.649681E-01
1763615206.5634193,2025-11-20T16:06:46.563419,0.1649681,1.649681E-01
1763615206.6604238,2025-11-20T16:06:46.660424,0.1652136,1.652136E-01
1763615206.6663709,2025-11-20T16:06:46.666371,0.1652136,1.652136E-01
1763615206.7141728,2025-11-20T16:06:46.714173,0.1652136,1.652136E-01
1763615206.7730634,2025-11-20T16:06:46.773063,0.1652136,1.652136E-01
1763615206.8129644,2025-11-20T16:06:46.812964,0.1652136,1.652136E-01
1763615206.8653855,2025-11-20T16:06:46.865386,0.1652136,1.652136E-01
1763615206.9600518,2025-11-20T16:06:46.960052,0.1649787,1.649787E-01
1763615206.9653006,2025-11-20T16:06:46.965301,0.1649787,1.649787E-01
1763615207.0139942,2025-11-20T16:06:47.013994,0.1649787,1.649787E-01
1763615207.0726976,2025-11-20T16:06:47.072698,0.1649787,1.649787E-01
1763615207.113614,2025-11-20T16:06:47.113614,0.1649787,1.649787E-01
1763615207.1641285,2025-11-20T16:06:47.164129,0.1649787,1.649787E-01
1763615207.222028,2025-11-20T16:06:47.222028,0.1649787,1.649787E-01
1763615207.263411,2025-11-20T16:06:47.263411,0.1649787,1.649787E-01
1763615207.3138728,2025-11-20T16:06:47.313873,0.1649787,1.649787E-01
1763615207.4087107,2025-11-20T16:06:47.408711,0.213815,2.138150E-01
1763615207.413742,2025-11-20T16:06:47.413742,0.213815,2.138150E-01
1763615207.4629526,2025-11-20T16:06:47.462953,0.213815,2.138150E-01
1763615207.5209107,2025-11-20T16:06:47.520911,0.213815,2.138150E-01
1763615207.5630283,2025-11-20T16:06:47.563028,0.213815,2.138150E-01
1763615207.6147428,2025-11-20T16:06:47.614743,0.213815,2.138150E-01
1763615207.707834,2025-11-20T16:06:47.707834,0.3025091,3.025091E-01
1763615207.7141483,2025-11-20T16:06:47.714148,0.3025091,3.025091E-01
1763615207.763058,2025-11-20T16:06:47.763058,0.3025091,3.025091E-01
1763615207.8201666,2025-11-20T16:06:47.820167,0.3025091,3.025091E-01
1763615207.864304,2025-11-20T16:06:47.864304,0.3025091,3.025091E-01
1763615207.9136226,2025-11-20T16:06:47.913623,0.3025091,3.025091E-01
1763615208.0080025,2025-11-20T16:06:48.008003,0.3759183,3.759183E-01
1763615208.0136955,2025-11-20T16:06:48.013695,0.3759183,3.759183E-01
1763615208.0637245,2025-11-20T16:06:48.063725,0.3759183,3.759183E-01
1763615208.1198506,2025-11-20T16:06:48.119851,0.3759183,3.759183E-01
1763615208.1635218,2025-11-20T16:06:48.163522,0.3759183,3.759183E-01
1763615208.2138677,2025-11-20T16:06:48.213868,0.3759183,3.759183E-01
1763615208.306371,2025-11-20T16:06:48.306371,0.4476408,4.476408E-01
1763615208.3141503,2025-11-20T16:06:48.314150,0.4476408,4.476408E-01
1763615208.363405,2025-11-20T16:06:48.363405,0.4476408,4.476408E-01
1763615208.4191122,2025-11-20T16:06:48.419112,0.4476408,4.476408E-01
1763615208.4633527,2025-11-20T16:06:48.463353,0.4476408,4.476408E-01
1763615208.5140975,2025-11-20T16:06:48.514097,0.4476408,4.476408E-01
1763615208.6066222,2025-11-20T16:06:48.606622,0.5522992,5.522992E-01
1763615208.613988,2025-11-20T16:06:48.613988,0.5522992,5.522992E-01
1763615208.6634808,2025-11-20T16:06:48.663481,0.5522992,5.522992E-01
1763615208.7191901,2025-11-20T16:06:48.719190,0.5522992,5.522992E-01
1763615208.7629805,2025-11-20T16:06:48.762980,0.5522992,5.522992E-01
1763615208.8144455,2025-11-20T16:06:48.814445,0.5522992,5.522992E-01
1763615208.8683445,2025-11-20T16:06:48.868345,0.5522992,5.522992E-01
1763615208.913978,2025-11-20T16:06:48.913978,0.5522992,5.522992E-01
1763615208.9641764,2025-11-20T16:06:48.964176,0.5522992,5.522992E-01
1763615209.0554752,2025-11-20T16:06:49.055475,0.5898508,5.898508E-01
1763615209.06397,2025-11-20T16:06:49.063970,0.5898508,5.898508E-01
1763615209.1139462,2025-11-20T16:06:49.113946,0.5898508,5.898508E-01
1763615209.1681309,2025-11-20T16:06:49.168131,0.5898508,5.898508E-01
1763615209.2138536,2025-11-20T16:06:49.213854,0.5898508,5.898508E-01
1763615209.2643986,2025-11-20T16:06:49.264399,0.5898508,5.898508E-01
1763615209.3541148,2025-11-20T16:06:49.354115,0.7807263,7.807263E-01
1763615209.363047,2025-11-20T16:06:49.363047,0.7807263,7.807263E-01
1763615209.4137723,2025-11-20T16:06:49.413772,0.7807263,7.807263E-01
1763615209.4666598,2025-11-20T16:06:49.466660,0.7807263,7.807263E-01
1763615209.513509,2025-11-20T16:06:49.513509,0.7807263,7.807263E-01
1763615209.5642412,2025-11-20T16:06:49.564241,0.7807263,7.807263E-01
1763615209.654257,2025-11-20T16:06:49.654257,0.5365305,5.365305E-01
1763615209.6639416,2025-11-20T16:06:49.663942,0.5365305,5.365305E-01
1763615209.7140849,2025-11-20T16:06:49.714085,0.5365305,5.365305E-01
1763615209.7669022,2025-11-20T16:06:49.766902,0.5365305,5.365305E-01
1763615209.813905,2025-11-20T16:06:49.813905,0.5365305,5.365305E-01
1763615209.864424,2025-11-20T16:06:49.864424,0.5365305,5.365305E-01
1763615209.95302,2025-11-20T16:06:49.953020,0.4592457,4.592457E-01
1763615209.9640388,2025-11-20T16:06:49.964039,0.4592457,4.592457E-01
1763615210.014657,2025-11-20T16:06:50.014657,0.4592457,4.592457E-01
1763615210.0660214,2025-11-20T16:06:50.066021,0.4592457,4.592457E-01
1763615210.1140447,2025-11-20T16:06:50.114045,0.4592457,4.592457E-01
1763615210.163557,2025-11-20T16:06:50.163557,0.4592457,4.592457E-01
1763615210.2531288,2025-11-20T16:06:50.253129,0.5458401,5.458401E-01
1763615210.2643368,2025-11-20T16:06:50.264337,0.5458401,5.458401E-01
1763615210.3137946,2025-11-20T16:06:50.313795,0.5458401,5.458401E-01
1763615210.3650208,2025-11-20T16:06:50.365021,0.5458401,5.458401E-01
1763615210.4133284,2025-11-20T16:06:50.413328,0.5458401,5.458401E-01
1763615210.4638138,2025-11-20T16:06:50.463814,0.5458401,5.458401E-01
1763615210.5152047,2025-11-20T16:06:50.515205,0.5458401,5.458401E-01
1763615210.5641944,2025-11-20T16:06:50.564194,0.5458401,5.458401E-01
1763615210.6143005,2025-11-20T16:06:50.614300,0.5458401,5.458401E-01
1763615210.7015815,2025-11-20T16:06:50.701581,0.3846977,3.846977E-01
1763615210.7134702,2025-11-20T16:06:50.713470,0.3846977,3.846977E-01
1763615210.7637298,2025-11-20T16:06:50.763730,0.3846977,3.846977E-01
1763615210.8141818,2025-11-20T16:06:50.814182,0.3846977,3.846977E-01
1763615210.863747,2025-11-20T16:06:50.863747,0.3846977,3.846977E-01
1763615210.9137583,2025-11-20T16:06:50.913758,0.3846977,3.846977E-01
1763615211.00114,2025-11-20T16:06:51.001140,0.6415839,6.415839E-01
1763615211.0144436,2025-11-20T16:06:51.014444,0.6415839,6.415839E-01
1763615211.064099,2025-11-20T16:06:51.064099,0.6415839,6.415839E-01
1763615211.1134396,2025-11-20T16:06:51.113440,0.6415839,6.415839E-01
1763615211.163686,2025-11-20T16:06:51.163686,0.6415839,6.415839E-01
1763615211.2139046,2025-11-20T16:06:51.213905,0.6415839,6.415839E-01
1763615211.3008745,2025-11-20T16:06:51.300874,0.7384275,7.384275E-01
1763615211.3139784,2025-11-20T16:06:51.313978,0.7384275,7.384275E-01
1763615211.3639278,2025-11-20T16:06:51.363928,0.7384275,7.384275E-01
1763615211.4139378,2025-11-20T16:06:51.413938,0.7384275,7.384275E-01
1763615211.4639893,2025-11-20T16:06:51.463989,0.7384275,7.384275E-01
1763615211.5141983,2025-11-20T16:06:51.514198,0.7384275,7.384275E-01
1763615211.5993087,2025-11-20T16:06:51.599309,0.7070181,7.070181E-01
1763615211.6135848,2025-11-20T16:06:51.613585,0.7070181,7.070181E-01
1763615211.66372,2025-11-20T16:06:51.663720,0.7070181,7.070181E-01
1763615211.7131639,2025-11-20T16:06:51.713164,0.7070181,7.070181E-01
1763615211.7635126,2025-11-20T16:06:51.763513,0.7070181,7.070181E-01
1763615211.814176,2025-11-20T16:06:51.814176,0.7070181,7.070181E-01
1763615211.864071,2025-11-20T16:06:51.864071,0.7070181,7.070181E-01
1763615211.9134915,2025-11-20T16:06:51.913491,0.7070181,7.070181E-01
1763615211.9645243,2025-11-20T16:06:51.964524,0.7070181,7.070181E-01
1763615212.0491886,2025-11-20T16:06:52.049189,0.5618082,5.618082E-01
1763615212.0638871,2025-11-20T16:06:52.063887,0.5618082,5.618082E-01
1763615212.114277,2025-11-20T16:06:52.114277,0.5618082,5.618082E-01
1763615212.1638532,2025-11-20T16:06:52.163853,0.5618082,5.618082E-01
1763615212.2141516,2025-11-20T16:06:52.214152,0.5618082,5.618082E-01
1763615212.2637768,2025-11-20T16:06:52.263777,0.5618082,5.618082E-01
1763615212.3486795,2025-11-20T16:06:52.348680,0.3346656,3.346656E-01
1763615212.3646305,2025-11-20T16:06:52.364630,0.3346656,3.346656E-01
1763615212.4134667,2025-11-20T16:06:52.413467,0.3346656,3.346656E-01
1763615212.4642775,2025-11-20T16:06:52.464278,0.3346656,3.346656E-01
1763615212.5135574,2025-11-20T16:06:52.513557,0.3346656,3.346656E-01
1763615212.5640855,2025-11-20T16:06:52.564085,0.3346656,3.346656E-01
1763615212.6481287,2025-11-20T16:06:52.648129,0.3766443,3.766443E-01
1763615212.6635954,2025-11-20T16:06:52.663595,0.3766443,3.766443E-01
1763615212.7139673,2025-11-20T16:06:52.713967,0.3766443,3.766443E-01
1763615212.764136,2025-11-20T16:06:52.764136,0.3766443,3.766443E-01
1763615212.814093,2025-11-20T16:06:52.814093,0.3766443,3.766443E-01
1763615212.8645458,2025-11-20T16:06:52.864546,0.3766443,3.766443E-01
1763615212.946718,2025-11-20T16:06:52.946718,0.784463,7.844630E-01
1763615212.9637587,2025-11-20T16:06:52.963759,0.784463,7.844630E-01
1763615213.0144808,2025-11-20T16:06:53.014481,0.784463,7.844630E-01
1763615213.0640807,2025-11-20T16:06:53.064081,0.784463,7.844630E-01
1763615213.113508,2025-11-20T16:06:53.113508,0.784463,7.844630E-01
1763615213.1641977,2025-11-20T16:06:53.164198,0.784463,7.844630E-01
1763615213.2461038,2025-11-20T16:06:53.246104,0.7624914,7.624914E-01
1763615213.264095,2025-11-20T16:06:53.264095,0.7624914,7.624914E-01
1763615213.3139086,2025-11-20T16:06:53.313909,0.7624914,7.624914E-01
1763615213.3635952,2025-11-20T16:06:53.363595,0.7624914,7.624914E-01
1763615213.41392,2025-11-20T16:06:53.413920,0.7624914,7.624914E-01
1763615213.4641743,2025-11-20T16:06:53.464174,0.7624914,7.624914E-01
1763615213.5136766,2025-11-20T16:06:53.513677,0.7624914,7.624914E-01
1763615213.563517,2025-11-20T16:06:53.563517,0.7624914,7.624914E-01
1763615213.61371,2025-11-20T16:06:53.613710,0.7624914,7.624914E-01
1763615213.6958563,2025-11-20T16:06:53.695856,0.6346195,6.346195E-01
1763615213.714207,2025-11-20T16:06:53.714207,0.6346195,6.346195E-01
1763615213.7637432,2025-11-20T16:06:53.763743,0.6346195,6.346195E-01
1763615213.8146434,2025-11-20T16:06:53.814643,0.6346195,6.346195E-01
1763615213.8642166,2025-11-20T16:06:53.864217,0.6346195,6.346195E-01
1763615213.913818,2025-11-20T16:06:53.913818,0.6346195,6.346195E-01
1763615213.995451,2025-11-20T16:06:53.995451,0.4293419,4.293419E-01
1763615214.0141737,2025-11-20T16:06:54.014174,0.4293419,4.293419E-01
1763615214.0637279,2025-11-20T16:06:54.063728,0.4293419,4.293419E-01
1763615214.1132498,2025-11-20T16:06:54.113250,0.4293419,4.293419E-01
1763615214.1640818,2025-11-20T16:06:54.164082,0.4293419,4.293419E-01
1763615214.2140143,2025-11-20T16:06:54.214014,0.4293419,4.293419E-01
1763615214.2939615,2025-11-20T16:06:54.293962,0.354235,3.542350E-01
1763615214.3140464,2025-11-20T16:06:54.314046,0.354235,3.542350E-01
1763615214.3645532,2025-11-20T16:06:54.364553,0.354235,3.542350E-01
1763615214.4138901,2025-11-20T16:06:54.413890,0.354235,3.542350E-01
1763615214.4633572,2025-11-20T16:06:54.463357,0.354235,3.542350E-01
1763615214.5138674,2025-11-20T16:06:54.513867,0.354235,3.542350E-01
1763615214.5933366,2025-11-20T16:06:54.593337,0.3541603,3.541603E-01
1763615214.6143405,2025-11-20T16:06:54.614341,0.3541603,3.541603E-01
1763615214.663663,2025-11-20T16:06:54.663663,0.3541603,3.541603E-01
1763615214.7145596,2025-11-20T16:06:54.714560,0.3541603,3.541603E-01
1763615214.7638645,2025-11-20T16:06:54.763865,0.3541603,3.541603E-01
1763615214.8143332,2025-11-20T16:06:54.814333,0.3541603,3.541603E-01
1763615214.8641632,2025-11-20T16:06:54.864163,0.3541603,3.541603E-01
1763615214.9140131,2025-11-20T16:06:54.914013,0.3541603,3.541603E-01
1763615214.9640112,2025-11-20T16:06:54.964011,0.3541603,3.541603E-01
1763615215.0428417,2025-11-20T16:06:55.042842,0.2298506,2.298506E-01
1763615215.064488,2025-11-20T16:06:55.064488,0.2298506,2.298506E-01
1763615215.113453,2025-11-20T16:06:55.113453,0.2298506,2.298506E-01
1763615215.163841,2025-11-20T16:06:55.163841,0.2298506,2.298506E-01
1763615215.2139752,2025-11-20T16:06:55.213975,0.2298506,2.298506E-01
1763615215.2641869,2025-11-20T16:06:55.264187,0.2298506,2.298506E-01
1763615215.34229,2025-11-20T16:06:55.342290,0.4078186,4.078186E-01
1763615215.3635533,2025-11-20T16:06:55.363553,0.4078186,4.078186E-01
1763615215.4139664,2025-11-20T16:06:55.413966,0.4078186,4.078186E-01
1763615215.4640298,2025-11-20T16:06:55.464030,0.4078186,4.078186E-01
1763615215.513234,2025-11-20T16:06:55.513234,0.4078186,4.078186E-01
1763615215.5642529,2025-11-20T16:06:55.564253,0.4078186,4.078186E-01
1763615215.641927,2025-11-20T16:06:55.641927,0.3295518,3.295518E-01
1763615215.6631818,2025-11-20T16:06:55.663182,0.3295518,3.295518E-01
1763615215.7137718,2025-11-20T16:06:55.713772,0.3295518,3.295518E-01
1763615215.7637305,2025-11-20T16:06:55.763731,0.3295518,3.295518E-01
1763615215.814372,2025-11-20T16:06:55.814372,0.3295518,3.295518E-01
1763615215.8637471,2025-11-20T16:06:55.863747,0.3295518,3.295518E-01
1763615215.9407563,2025-11-20T16:06:55.940756,0.2627296,2.627296E-01
1763615215.964002,2025-11-20T16:06:55.964002,0.2627296,2.627296E-01
1763615216.0144255,2025-11-20T16:06:56.014426,0.2627296,2.627296E-01
1763615216.0644093,2025-11-20T16:06:56.064409,0.2627296,2.627296E-01
1763615216.1136272,2025-11-20T16:06:56.113627,0.2627296,2.627296E-01
1763615216.163885,2025-11-20T16:06:56.163885,0.2627296,2.627296E-01
1763615216.2402081,2025-11-20T16:06:56.240208,0.2489894,2.489894E-01
1763615216.2642,2025-11-20T16:06:56.264200,0.2489894,2.489894E-01
1763615216.3136032,2025-11-20T16:06:56.313603,0.2489894,2.489894E-01
1763615216.3640945,2025-11-20T16:06:56.364094,0.2489894,2.489894E-01
1763615216.4134777,2025-11-20T16:06:56.413478,0.2489894,2.489894E-01
1763615216.4640791,2025-11-20T16:06:56.464079,0.2489894,2.489894E-01
1763615216.5131996,2025-11-20T16:06:56.513200,0.2489894,2.489894E-01
1763615216.5645742,2025-11-20T16:06:56.564574,0.2489894,2.489894E-01
1763615216.6144886,2025-11-20T16:06:56.614489,0.2489894,2.489894E-01
1763615216.6898818,2025-11-20T16:06:56.689882,0.2482563,2.482563E-01
1763615216.7141974,2025-11-20T16:06:56.714197,0.2482563,2.482563E-01
1763615216.7637372,2025-11-20T16:06:56.763737,0.2482563,2.482563E-01
1763615216.814706,2025-11-20T16:06:56.814706,0.2482563,2.482563E-01
1763615216.8639312,2025-11-20T16:06:56.863931,0.2482563,2.482563E-01
1763615216.9133384,2025-11-20T16:06:56.913338,0.2482563,2.482563E-01
1763615216.9890323,2025-11-20T16:06:56.989032,0.2408435,2.408435E-01
1763615217.0137885,2025-11-20T16:06:57.013788,0.2408435,2.408435E-01
1763615217.0644336,2025-11-20T16:06:57.064434,0.2408435,2.408435E-01
1763615217.1139781,2025-11-20T16:06:57.113978,0.2408435,2.408435E-01
1763615217.163647,2025-11-20T16:06:57.163647,0.2408435,2.408435E-01
1763615217.2134712,2025-11-20T16:06:57.213471,0.2408435,2.408435E-01
1763615217.2887025,2025-11-20T16:06:57.288702,0.243203,2.432030E-01
1763615217.3143287,2025-11-20T16:06:57.314329,0.243203,2.432030E-01
1763615217.3637888,2025-11-20T16:06:57.363789,0.243203,2.432030E-01
1763615217.4138906,2025-11-20T16:06:57.413891,0.243203,2.432030E-01
1763615217.4638066,2025-11-20T16:06:57.463807,0.243203,2.432030E-01
1763615217.5133305,2025-11-20T16:06:57.513330,0.243203,2.432030E-01
1763615217.5875566,2025-11-20T16:06:57.587557,0.2413667,2.413667E-01
1763615217.6138897,2025-11-20T16:06:57.613890,0.2413667,2.413667E-01
1763615217.6639404,2025-11-20T16:06:57.663940,0.2413667,2.413667E-01
1763615217.7131407,2025-11-20T16:06:57.713141,0.2413667,2.413667E-01
1763615217.7640696,2025-11-20T16:06:57.764070,0.2413667,2.413667E-01
1763615217.8137014,2025-11-20T16:06:57.813701,0.2413667,2.413667E-01
1763615217.8641353,2025-11-20T16:06:57.864135,0.2413667,2.413667E-01
1763615217.9138772,2025-11-20T16:06:57.913877,0.2413667,2.413667E-01
1763615217.962902,2025-11-20T16:06:57.962902,0.2413667,2.413667E-01
1763615218.0371015,2025-11-20T16:06:58.037102,0.2404912,2.404912E-01
1763615218.0640476,2025-11-20T16:06:58.064048,0.2404912,2.404912E-01
1763615218.1136925,2025-11-20T16:06:58.113693,0.2404912,2.404912E-01
1763615218.1639955,2025-11-20T16:06:58.163996,0.2404912,2.404912E-01
1763615218.213919,2025-11-20T16:06:58.213919,0.2404912,2.404912E-01
1763615218.264175,2025-11-20T16:06:58.264175,0.2404912,2.404912E-01
1763615218.3362446,2025-11-20T16:06:58.336245,0.2635624,2.635624E-01
1763615218.3635685,2025-11-20T16:06:58.363569,0.2635624,2.635624E-01
1763615218.4143662,2025-11-20T16:06:58.414366,0.2635624,2.635624E-01
1763615218.464369,2025-11-20T16:06:58.464369,0.2635624,2.635624E-01
1763615218.5131962,2025-11-20T16:06:58.513196,0.2635624,2.635624E-01
1763615218.5632973,2025-11-20T16:06:58.563297,0.2635624,2.635624E-01
1763615218.6355937,2025-11-20T16:06:58.635594,0.3279076,3.279076E-01
1763615218.6630158,2025-11-20T16:06:58.663016,0.3279076,3.279076E-01
1763615218.714312,2025-11-20T16:06:58.714312,0.3279076,3.279076E-01
1763615218.763559,2025-11-20T16:06:58.763559,0.3279076,3.279076E-01
1763615218.813868,2025-11-20T16:06:58.813868,0.3279076,3.279076E-01
1763615218.8634255,2025-11-20T16:06:58.863425,0.3279076,3.279076E-01
1763615218.9352705,2025-11-20T16:06:58.935271,0.3710393,3.710393E-01
1763615218.9640172,2025-11-20T16:06:58.964017,0.3710393,3.710393E-01
1763615219.013998,2025-11-20T16:06:59.013998,0.3710393,3.710393E-01
1763615219.0639186,2025-11-20T16:06:59.063919,0.3710393,3.710393E-01
1763615219.113573,2025-11-20T16:06:59.113573,0.3710393,3.710393E-01
1763615219.164184,2025-11-20T16:06:59.164184,0.3710393,3.710393E-01
1763615219.2344842,2025-11-20T16:06:59.234484,0.5155732,5.155732E-01
1763615219.2644663,2025-11-20T16:06:59.264466,0.5155732,5.155732E-01
1763615219.314081,2025-11-20T16:06:59.314081,0.5155732,5.155732E-01
1763615219.3635397,2025-11-20T16:06:59.363540,0.5155732,5.155732E-01
1763615219.4142148,2025-11-20T16:06:59.414215,0.5155732,5.155732E-01
1763615219.4638226,2025-11-20T16:06:59.463823,0.5155732,5.155732E-01
1763615219.5130715,2025-11-20T16:06:59.513072,0.5155732,5.155732E-01
1763615219.5636241,2025-11-20T16:06:59.563624,0.5155732,5.155732E-01
1763615219.613627,2025-11-20T16:06:59.613627,0.5155732,5.155732E-01
1763615219.6834514,2025-11-20T16:06:59.683451,0.5340856,5.340856E-01
1763615219.7140906,2025-11-20T16:06:59.714091,0.5340856,5.340856E-01
1763615219.7639656,2025-11-20T16:06:59.763966,0.5340856,5.340856E-01
1763615219.8143713,2025-11-20T16:06:59.814371,0.5340856,5.340856E-01
1763615219.8639088,2025-11-20T16:06:59.863909,0.5340856,5.340856E-01
1763615219.9134958,2025-11-20T16:06:59.913496,0.5340856,5.340856E-01
1763615219.9828196,2025-11-20T16:06:59.982820,0.7582104,7.582104E-01
1763615220.0132728,2025-11-20T16:07:00.013273,0.7582104,7.582104E-01
1763615220.06382,2025-11-20T16:07:00.063820,0.7582104,7.582104E-01
1763615220.1142457,2025-11-20T16:07:00.114246,0.7582104,7.582104E-01
1763615220.1641603,2025-11-20T16:07:00.164160,0.7582104,7.582104E-01
1763615220.214248,2025-11-20T16:07:00.214248,0.7582104,7.582104E-01
1763615220.2822807,2025-11-20T16:07:00.282281,0.6507548,6.507548E-01
1763615220.3138106,2025-11-20T16:07:00.313811,0.6507548,6.507548E-01
1763615220.3636532,2025-11-20T16:07:00.363653,0.6507548,6.507548E-01
1763615220.4141521,2025-11-20T16:07:00.414152,0.6507548,6.507548E-01
1763615220.4634717,2025-11-20T16:07:00.463472,0.6507548,6.507548E-01
1763615220.514181,2025-11-20T16:07:00.514181,0.6507548,6.507548E-01
1763615220.5820777,2025-11-20T16:07:00.582078,0.514954,5.149540E-01
1763615220.6133127,2025-11-20T16:07:00.613313,0.514954,5.149540E-01
1763615220.6645155,2025-11-20T16:07:00.664515,0.514954,5.149540E-01
1763615220.7136161,2025-11-20T16:07:00.713616,0.514954,5.149540E-01
1763615220.7640202,2025-11-20T16:07:00.764020,0.514954,5.149540E-01
1763615220.8135312,2025-11-20T16:07:00.813531,0.514954,5.149540E-01
1763615220.8641243,2025-11-20T16:07:00.864124,0.514954,5.149540E-01
1763615220.913995,2025-11-20T16:07:00.913995,0.514954,5.149540E-01
1763615220.9638004,2025-11-20T16:07:00.963800,0.514954,5.149540E-01
1763615221.030533,2025-11-20T16:07:01.030533,0.5249611,5.249611E-01
1763615221.064924,2025-11-20T16:07:01.064924,0.5249611,5.249611E-01
1763615221.1138837,2025-11-20T16:07:01.113884,0.5249611,5.249611E-01
1763615221.164164,2025-11-20T16:07:01.164164,0.5249611,5.249611E-01
1763615221.2146363,2025-11-20T16:07:01.214636,0.5249611,5.249611E-01
1763615221.2631829,2025-11-20T16:07:01.263183,0.5249611,5.249611E-01
1763615221.3302925,2025-11-20T16:07:01.330292,0.362146,3.621460E-01
1763615221.3634653,2025-11-20T16:07:01.363465,0.362146,3.621460E-01
1763615221.4133718,2025-11-20T16:07:01.413372,0.362146,3.621460E-01
1763615221.4642634,2025-11-20T16:07:01.464263,0.362146,3.621460E-01
1763615221.5134904,2025-11-20T16:07:01.513490,0.362146,3.621460E-01
1763615221.5639813,2025-11-20T16:07:01.563981,0.362146,3.621460E-01
1763615221.629403,2025-11-20T16:07:01.629403,0.4822743,4.822743E-01
1763615221.6637566,2025-11-20T16:07:01.663757,0.4822743,4.822743E-01
1763615221.7143967,2025-11-20T16:07:01.714397,0.4822743,4.822743E-01
1763615221.7636523,2025-11-20T16:07:01.763652,0.4822743,4.822743E-01
1763615221.8139765,2025-11-20T16:07:01.813977,0.4822743,4.822743E-01
1763615221.8640454,2025-11-20T16:07:01.864045,0.4822743,4.822743E-01
1763615221.9290762,2025-11-20T16:07:01.929076,0.7445556,7.445556E-01
1763615221.964114,2025-11-20T16:07:01.964114,0.7445556,7.445556E-01
1763615222.0143383,2025-11-20T16:07:02.014338,0.7445556,7.445556E-01
1763615222.0639825,2025-11-20T16:07:02.063982,0.7445556,7.445556E-01
1763615222.1130574,2025-11-20T16:07:02.113057,0.7445556,7.445556E-01
1763615222.1640081,2025-11-20T16:07:02.164008,0.7445556,7.445556E-01
1763615222.228362,2025-11-20T16:07:02.228362,0.7047974,7.047974E-01
1763615222.2640839,2025-11-20T16:07:02.264084,0.7047974,7.047974E-01
1763615222.3142116,2025-11-20T16:07:02.314212,0.7047974,7.047974E-01
1763615222.364242,2025-11-20T16:07:02.364242,0.7047974,7.047974E-01
1763615222.4143763,2025-11-20T16:07:02.414376,0.7047974,7.047974E-01
1763615222.4632926,2025-11-20T16:07:02.463293,0.7047974,7.047974E-01
1763615222.5139759,2025-11-20T16:07:02.513976,0.7047974,7.047974E-01
1763615222.5632808,2025-11-20T16:07:02.563281,0.7047974,7.047974E-01
1763615222.612908,2025-11-20T16:07:02.612908,0.7047974,7.047974E-01
1763615222.677378,2025-11-20T16:07:02.677378,0.6581782,6.581782E-01
1763615222.7142558,2025-11-20T16:07:02.714256,0.6581782,6.581782E-01
1763615222.7645302,2025-11-20T16:07:02.764530,0.6581782,6.581782E-01
1763615222.8142216,2025-11-20T16:07:02.814222,0.6581782,6.581782E-01
1763615222.8634326,2025-11-20T16:07:02.863433,0.6581782,6.581782E-01
1763615222.91419,2025-11-20T16:07:02.914190,0.6581782,6.581782E-01
1763615222.9774818,2025-11-20T16:07:02.977482,0.385655,3.856550E-01
1763615223.0143192,2025-11-20T16:07:03.014319,0.385655,3.856550E-01
1763615223.0643325,2025-11-20T16:07:03.064332,0.385655,3.856550E-01
1763615223.1139996,2025-11-20T16:07:03.114000,0.385655,3.856550E-01
1763615223.163975,2025-11-20T16:07:03.163975,0.385655,3.856550E-01
1763615223.2138898,2025-11-20T16:07:03.213890,0.385655,3.856550E-01
1763615223.2767227,2025-11-20T16:07:03.276723,0.2902315,2.902315E-01
1763615223.313897,2025-11-20T16:07:03.313897,0.2902315,2.902315E-01
1763615223.3635821,2025-11-20T16:07:03.363582,0.2902315,2.902315E-01
1763615223.4136841,2025-11-20T16:07:03.413684,0.2902315,2.902315E-01
1763615223.4639552,2025-11-20T16:07:03.463955,0.2902315,2.902315E-01
1763615223.5147252,2025-11-20T16:07:03.514725,0.2902315,2.902315E-01
1763615223.5754294,2025-11-20T16:07:03.575429,0.6141463,6.141463E-01
1763615223.613625,2025-11-20T16:07:03.613625,0.6141463,6.141463E-01
1763615223.6642401,2025-11-20T16:07:03.664240,0.6141463,6.141463E-01
1763615223.7140048,2025-11-20T16:07:03.714005,0.6141463,6.141463E-01
1763615223.763422,2025-11-20T16:07:03.763422,0.6141463,6.141463E-01
1763615223.8143184,2025-11-20T16:07:03.814318,0.6141463,6.141463E-01
1763615223.8632934,2025-11-20T16:07:03.863293,0.6141463,6.141463E-01
1763615223.9141865,2025-11-20T16:07:03.914186,0.6141463,6.141463E-01
1763615223.9646215,2025-11-20T16:07:03.964622,0.6141463,6.141463E-01
1763615224.0252402,2025-11-20T16:07:04.025240,0.7848259,7.848259E-01
1763615224.0640664,2025-11-20T16:07:04.064066,0.7848259,7.848259E-01
1763615224.1142497,2025-11-20T16:07:04.114250,0.7848259,7.848259E-01
1763615224.1631157,2025-11-20T16:07:04.163116,0.7848259,7.848259E-01
1763615224.213334,2025-11-20T16:07:04.213334,0.7848259,7.848259E-01
1763615224.2636654,2025-11-20T16:07:04.263665,0.7848259,7.848259E-01
1763615224.3240774,2025-11-20T16:07:04.324077,0.6421497,6.421497E-01
1763615224.3628936,2025-11-20T16:07:04.362894,0.6421497,6.421497E-01
1763615224.4134514,2025-11-20T16:07:04.413451,0.6421497,6.421497E-01
1763615224.46362,2025-11-20T16:07:04.463620,0.6421497,6.421497E-01
1763615224.5132196,2025-11-20T16:07:04.513220,0.6421497,6.421497E-01
1763615224.5639722,2025-11-20T16:07:04.563972,0.6421497,6.421497E-01
1763615224.6236324,2025-11-20T16:07:04.623632,0.5551711,5.551711E-01
1763615224.6633782,2025-11-20T16:07:04.663378,0.5551711,5.551711E-01
1763615224.7145207,2025-11-20T16:07:04.714521,0.5551711,5.551711E-01
1763615224.7637384,2025-11-20T16:07:04.763738,0.5551711,5.551711E-01
1763615224.8140645,2025-11-20T16:07:04.814065,0.5551711,5.551711E-01
1763615224.863777,2025-11-20T16:07:04.863777,0.5551711,5.551711E-01
1763615224.9234805,2025-11-20T16:07:04.923481,0.3739112,3.739112E-01
1763615224.9642646,2025-11-20T16:07:04.964265,0.3739112,3.739112E-01
1763615225.013526,2025-11-20T16:07:05.013526,0.3739112,3.739112E-01
1763615225.0634181,2025-11-20T16:07:05.063418,0.3739112,3.739112E-01
1763615225.1132138,2025-11-20T16:07:05.113214,0.3739112,3.739112E-01
1763615225.1636837,2025-11-20T16:07:05.163684,0.3739112,3.739112E-01
1763615225.2220948,2025-11-20T16:07:05.222095,0.4037831,4.037831E-01
1763615225.2637172,2025-11-20T16:07:05.263717,0.4037831,4.037831E-01
1763615225.3136923,2025-11-20T16:07:05.313692,0.4037831,4.037831E-01
1763615225.3642979,2025-11-20T16:07:05.364298,0.4037831,4.037831E-01
1763615225.4136174,2025-11-20T16:07:05.413617,0.4037831,4.037831E-01
1763615225.4631736,2025-11-20T16:07:05.463174,0.4037831,4.037831E-01
1763615225.5136218,2025-11-20T16:07:05.513622,0.4037831,4.037831E-01
1763615225.5641468,2025-11-20T16:07:05.564147,0.4037831,4.037831E-01
1763615225.613508,2025-11-20T16:07:05.613508,0.4037831,4.037831E-01
1763615225.6710901,2025-11-20T16:07:05.671090,0.2189396,2.189396E-01
1763615225.7138438,2025-11-20T16:07:05.713844,0.2189396,2.189396E-01
1763615225.7636592,2025-11-20T16:07:05.763659,0.2189396,2.189396E-01
1763615225.8133645,2025-11-20T16:07:05.813365,0.2189396,2.189396E-01
1763615225.862756,2025-11-20T16:07:05.862756,0.2189396,2.189396E-01
1763615225.9133275,2025-11-20T16:07:05.913327,0.2189396,2.189396E-01
1763615225.9706833,2025-11-20T16:07:05.970683,0.3933845,3.933845E-01
1763615226.0137944,2025-11-20T16:07:06.013794,0.3933845,3.933845E-01
1763615226.0638342,2025-11-20T16:07:06.063834,0.3933845,3.933845E-01
1763615226.1130025,2025-11-20T16:07:06.113003,0.3933845,3.933845E-01
1763615226.1636362,2025-11-20T16:07:06.163636,0.3933845,3.933845E-01
1763615226.2129214,2025-11-20T16:07:06.212921,0.3933845,3.933845E-01
1763615226.2705157,2025-11-20T16:07:06.270516,0.309267,3.092670E-01
1763615226.3136065,2025-11-20T16:07:06.313607,0.309267,3.092670E-01
1763615226.36327,2025-11-20T16:07:06.363270,0.309267,3.092670E-01
1763615226.4134824,2025-11-20T16:07:06.413482,0.309267,3.092670E-01
1763615226.4630957,2025-11-20T16:07:06.463096,0.309267,3.092670E-01
1763615226.5131397,2025-11-20T16:07:06.513140,0.309267,3.092670E-01
1763615226.5695925,2025-11-20T16:07:06.569592,0.30205,3.020500E-01
1763615226.6137683,2025-11-20T16:07:06.613768,0.30205,3.020500E-01
1763615226.6640708,2025-11-20T16:07:06.664071,0.30205,3.020500E-01
1763615226.7134843,2025-11-20T16:07:06.713484,0.30205,3.020500E-01
1763615226.7646546,2025-11-20T16:07:06.764655,0.30205,3.020500E-01
1763615226.8134334,2025-11-20T16:07:06.813433,0.30205,3.020500E-01
1763615226.8687043,2025-11-20T16:07:06.868704,0.2625482,2.625482E-01
1763615226.9139037,2025-11-20T16:07:06.913904,0.2625482,2.625482E-01
1763615226.9639547,2025-11-20T16:07:06.963955,0.2625482,2.625482E-01
1763615227.0131338,2025-11-20T16:07:07.013134,0.2625482,2.625482E-01
1763615227.0636315,2025-11-20T16:07:07.063632,0.2625482,2.625482E-01
1763615227.1135612,2025-11-20T16:07:07.113561,0.2625482,2.625482E-01
1763615227.1639235,2025-11-20T16:07:07.163924,0.2625482,2.625482E-01
1763615227.2130785,2025-11-20T16:07:07.213078,0.2625482,2.625482E-01
1763615227.2636955,2025-11-20T16:07:07.263695,0.2625482,2.625482E-01
1763615227.3179398,2025-11-20T16:07:07.317940,0.2481282,2.481282E-01
1763615227.363679,2025-11-20T16:07:07.363679,0.2481282,2.481282E-01
1763615227.4131594,2025-11-20T16:07:07.413159,0.2481282,2.481282E-01
1763615227.463524,2025-11-20T16:07:07.463524,0.2481282,2.481282E-01
1763615227.5136237,2025-11-20T16:07:07.513624,0.2481282,2.481282E-01
1763615227.5633874,2025-11-20T16:07:07.563387,0.2481282,2.481282E-01
1763615227.6176913,2025-11-20T16:07:07.617691,0.2407368,2.407368E-01
1763615227.6637619,2025-11-20T16:07:07.663762,0.2407368,2.407368E-01
1763615227.7134912,2025-11-20T16:07:07.713491,0.2407368,2.407368E-01
1763615227.7633815,2025-11-20T16:07:07.763381,0.2407368,2.407368E-01
1763615227.8133194,2025-11-20T16:07:07.813319,0.2407368,2.407368E-01
1763615227.8635428,2025-11-20T16:07:07.863543,0.2407368,2.407368E-01
1763615227.9167993,2025-11-20T16:07:07.916799,0.2437368,2.437368E-01
1763615227.9632096,2025-11-20T16:07:07.963210,0.2437368,2.437368E-01
1763615228.0132854,2025-11-20T16:07:08.013285,0.2437368,2.437368E-01
1763615228.0638487,2025-11-20T16:07:08.063849,0.2437368,2.437368E-01
1763615228.1133025,2025-11-20T16:07:08.113302,0.2437368,2.437368E-01
1763615228.1640792,2025-11-20T16:07:08.164079,0.2437368,2.437368E-01
1763615228.216081,2025-11-20T16:07:08.216081,0.2410677,2.410677E-01
1763615228.2636247,2025-11-20T16:07:08.263625,0.2410677,2.410677E-01
1763615228.313197,2025-11-20T16:07:08.313197,0.2410677,2.410677E-01
1763615228.3632097,2025-11-20T16:07:08.363210,0.2410677,2.410677E-01
1763615228.4128854,2025-11-20T16:07:08.412885,0.2410677,2.410677E-01
1763615228.463847,2025-11-20T16:07:08.463847,0.2410677,2.410677E-01
1763615228.513561,2025-11-20T16:07:08.513561,0.2410677,2.410677E-01
1763615228.562775,2025-11-20T16:07:08.562775,0.2410677,2.410677E-01
1763615228.6149962,2025-11-20T16:07:08.614996,0.2410677,2.410677E-01
1763615228.665833,2025-11-20T16:07:08.665833,0.2420998,2.420998E-01
1763615228.7130048,2025-11-20T16:07:08.713005,0.2420998,2.420998E-01
1763615228.7633693,2025-11-20T16:07:08.763369,0.2420998,2.420998E-01
1763615228.8132882,2025-11-20T16:07:08.813288,0.2420998,2.420998E-01
1763615228.8632567,2025-11-20T16:07:08.863257,0.2420998,2.420998E-01
1763615228.912824,2025-11-20T16:07:08.912824,0.2420998,2.420998E-01
1763615228.9656289,2025-11-20T16:07:08.965629,0.2431816,2.431816E-01
1763615229.0133266,2025-11-20T16:07:09.013327,0.2431816,2.431816E-01
1763615229.0769155,2025-11-20T16:07:09.076916,0.2431816,2.431816E-01
1763615229.1132655,2025-11-20T16:07:09.113266,0.2431816,2.431816E-01
1763615229.16277,2025-11-20T16:07:09.162770,0.2431816,2.431816E-01
1763615229.2641997,2025-11-20T16:07:09.264200,0.2973524,2.973524E-01
1763615229.2694826,2025-11-20T16:07:09.269483,0.2973524,2.973524E-01
1763615229.3132446,2025-11-20T16:07:09.313245,0.2973524,2.973524E-01
1763615229.3764813,2025-11-20T16:07:09.376481,0.2973524,2.973524E-01
1763615229.4132004,2025-11-20T16:07:09.413200,0.2973524,2.973524E-01
1763615229.46293,2025-11-20T16:07:09.462930,0.2973524,2.973524E-01
1763615229.5634255,2025-11-20T16:07:09.563426,0.3471034,3.471034E-01
1763615229.5686038,2025-11-20T16:07:09.568604,0.3471034,3.471034E-01
1763615229.6131387,2025-11-20T16:07:09.613139,0.3471034,3.471034E-01
1763615229.675924,2025-11-20T16:07:09.675924,0.3471034,3.471034E-01
1763615229.7138226,2025-11-20T16:07:09.713823,0.3471034,3.471034E-01
1763615229.7631462,2025-11-20T16:07:09.763146,0.3471034,3.471034E-01
1763615229.862991,2025-11-20T16:07:09.862991,0.4119504,4.119504E-01
1763615229.8679574,2025-11-20T16:07:09.867957,0.4119504,4.119504E-01
1763615229.9130297,2025-11-20T16:07:09.913030,0.4119504,4.119504E-01
1763615229.9753504,2025-11-20T16:07:09.975350,0.4119504,4.119504E-01
1763615230.013202,2025-11-20T16:07:10.013202,0.4119504,4.119504E-01
1763615230.0632374,2025-11-20T16:07:10.063237,0.4119504,4.119504E-01
1763615230.1252077,2025-11-20T16:07:10.125208,0.4119504,4.119504E-01
1763615230.1632853,2025-11-20T16:07:10.163285,0.4119504,4.119504E-01
1763615230.213173,2025-11-20T16:07:10.213173,0.4119504,4.119504E-01
1763615230.3123498,2025-11-20T16:07:10.312350,0.5508544,5.508544E-01
1763615230.3177238,2025-11-20T16:07:10.317724,0.5508544,5.508544E-01
1763615230.362881,2025-11-20T16:07:10.362881,0.5508544,5.508544E-01
1763615230.4246516,2025-11-20T16:07:10.424652,0.5508544,5.508544E-01
1763615230.4634156,2025-11-20T16:07:10.463416,0.5508544,5.508544E-01
1763615230.5137203,2025-11-20T16:07:10.513720,0.5508544,5.508544E-01
1763615230.611363,2025-11-20T16:07:10.611363,0.6286017,6.286017E-01
1763615230.615988,2025-11-20T16:07:10.615988,0.6286017,6.286017E-01
1763615230.663574,2025-11-20T16:07:10.663574,0.6286017,6.286017E-01
1763615230.7238681,2025-11-20T16:07:10.723868,0.6286017,6.286017E-01
1763615230.7632642,2025-11-20T16:07:10.763264,0.6286017,6.286017E-01
1763615230.8137362,2025-11-20T16:07:10.813736,0.6286017,6.286017E-01
1763615230.9111114,2025-11-20T16:07:10.911111,0.7471391,7.471391E-01
1763615230.9166782,2025-11-20T16:07:10.916678,0.7471391,7.471391E-01
1763615230.962864,2025-11-20T16:07:10.962864,0.7471391,7.471391E-01
1763615231.0234752,2025-11-20T16:07:11.023475,0.7471391,7.471391E-01
1763615231.0639288,2025-11-20T16:07:11.063929,0.7471391,7.471391E-01
1763615231.1131537,2025-11-20T16:07:11.113154,0.7471391,7.471391E-01
1763615231.2102244,2025-11-20T16:07:11.210224,0.5714949,5.714949E-01
1763615231.2149172,2025-11-20T16:07:11.214917,0.5714949,5.714949E-01
1763615231.2636592,2025-11-20T16:07:11.263659,0.5714949,5.714949E-01
1763615231.322945,2025-11-20T16:07:11.322945,0.5714949,5.714949E-01
1763615231.3632503,2025-11-20T16:07:11.363250,0.5714949,5.714949E-01
1763615231.413853,2025-11-20T16:07:11.413853,0.5714949,5.714949E-01
1763615231.4732022,2025-11-20T16:07:11.473202,0.5714949,5.714949E-01
1763615231.5138009,2025-11-20T16:07:11.513801,0.5714949,5.714949E-01
1763615231.5638466,2025-11-20T16:07:11.563847,0.5714949,5.714949E-01
1763615231.6592574,2025-11-20T16:07:11.659257,0.4994024,4.994024E-01
1763615231.6637692,2025-11-20T16:07:11.663769,0.4994024,4.994024E-01
1763615231.7139328,2025-11-20T16:07:11.713933,0.4994024,4.994024E-01
1763615231.7725935,2025-11-20T16:07:11.772593,0.4994024,4.994024E-01
1763615231.815678,2025-11-20T16:07:11.815678,0.4994024,4.994024E-01
1763615231.864192,2025-11-20T16:07:11.864192,0.4994024,4.994024E-01
1763615231.9593437,2025-11-20T16:07:11.959344,0.4782707,4.782707E-01
1763615231.9642482,2025-11-20T16:07:11.964248,0.4782707,4.782707E-01
1763615232.0137513,2025-11-20T16:07:12.013751,0.4782707,4.782707E-01
1763615232.0716023,2025-11-20T16:07:12.071602,0.4782707,4.782707E-01
1763615232.1129234,2025-11-20T16:07:12.112923,0.4782707,4.782707E-01
1763615232.1630433,2025-11-20T16:07:12.163043,0.4782707,4.782707E-01
1763615232.258166,2025-11-20T16:07:12.258166,0.3883774,3.883774E-01
1763615232.2635918,2025-11-20T16:07:12.263592,0.3883774,3.883774E-01
1763615232.3130047,2025-11-20T16:07:12.313005,0.3883774,3.883774E-01
1763615232.3707402,2025-11-20T16:07:12.370740,0.3883774,3.883774E-01
1763615232.4134107,2025-11-20T16:07:12.413411,0.3883774,3.883774E-01
1763615232.4636905,2025-11-20T16:07:12.463691,0.3883774,3.883774E-01
1763615232.5575666,2025-11-20T16:07:12.557567,0.6069611,6.069611E-01
1763615232.5633452,2025-11-20T16:07:12.563345,0.6069611,6.069611E-01
1763615232.613145,2025-11-20T16:07:12.613145,0.6069611,6.069611E-01
1763615232.6711485,2025-11-20T16:07:12.671149,0.6069611,6.069611E-01
1763615232.714271,2025-11-20T16:07:12.714271,0.6069611,6.069611E-01
1763615232.7646334,2025-11-20T16:07:12.764633,0.6069611,6.069611E-01
1763615232.8567944,2025-11-20T16:07:12.856794,0.7572815,7.572815E-01
1763615232.863959,2025-11-20T16:07:12.863959,0.7572815,7.572815E-01
1763615232.9134815,2025-11-20T16:07:12.913481,0.7572815,7.572815E-01
1763615232.970354,2025-11-20T16:07:12.970354,0.7572815,7.572815E-01
1763615233.0134337,2025-11-20T16:07:13.013434,0.7572815,7.572815E-01
1763615233.0630217,2025-11-20T16:07:13.063022,0.7572815,7.572815E-01
1763615233.1193419,2025-11-20T16:07:13.119342,0.7572815,7.572815E-01
1763615233.164765,2025-11-20T16:07:13.164765,0.7572815,7.572815E-01
1763615233.213739,2025-11-20T16:07:13.213739,0.7572815,7.572815E-01
1763615233.306707,2025-11-20T16:07:13.306707,0.7043918,7.043918E-01
1763615233.3142629,2025-11-20T16:07:13.314263,0.7043918,7.043918E-01
1763615233.3637247,2025-11-20T16:07:13.363725,0.7043918,7.043918E-01
1763615233.419123,2025-11-20T16:07:13.419123,0.7043918,7.043918E-01
1763615233.4636781,2025-11-20T16:07:13.463678,0.7043918,7.043918E-01
1763615233.5140781,2025-11-20T16:07:13.514078,0.7043918,7.043918E-01
1763615233.6055553,2025-11-20T16:07:13.605555,0.4918508,4.918508E-01
1763615233.6141446,2025-11-20T16:07:13.614145,0.4918508,4.918508E-01
1763615233.6637492,2025-11-20T16:07:13.663749,0.4918508,4.918508E-01
1763615233.7184703,2025-11-20T16:07:13.718470,0.4918508,4.918508E-01
1763615233.763704,2025-11-20T16:07:13.763704,0.4918508,4.918508E-01
1763615233.813472,2025-11-20T16:07:13.813472,0.4918508,4.918508E-01
1763615233.9050486,2025-11-20T16:07:13.905049,0.3392137,3.392137E-01
1763615233.9139507,2025-11-20T16:07:13.913951,0.3392137,3.392137E-01
1763615233.9627929,2025-11-20T16:07:13.962793,0.3392137,3.392137E-01
1763615234.0174618,2025-11-20T16:07:14.017462,0.3392137,3.392137E-01
1763615234.0636811,2025-11-20T16:07:14.063681,0.3392137,3.392137E-01
1763615234.1142397,2025-11-20T16:07:14.114240,0.3392137,3.392137E-01
1763615234.2042248,2025-11-20T16:07:14.204225,0.366566,3.665660E-01
1763615234.2129123,2025-11-20T16:07:14.212912,0.366566,3.665660E-01
1763615234.2634125,2025-11-20T16:07:14.263412,0.366566,3.665660E-01
1763615234.3174772,2025-11-20T16:07:14.317477,0.366566,3.665660E-01
1763615234.3631845,2025-11-20T16:07:14.363184,0.366566,3.665660E-01
1763615234.4133482,2025-11-20T16:07:14.413348,0.366566,3.665660E-01
1763615234.46655,2025-11-20T16:07:14.466550,0.366566,3.665660E-01
1763615234.513623,2025-11-20T16:07:14.513623,0.366566,3.665660E-01
1763615234.563944,2025-11-20T16:07:14.563944,0.366566,3.665660E-01
1763615234.6535382,2025-11-20T16:07:14.653538,0.7979649,7.979649E-01
1763615234.6639693,2025-11-20T16:07:14.663969,0.7979649,7.979649E-01
1763615234.7141864,2025-11-20T16:07:14.714186,0.7979649,7.979649E-01
1763615234.765719,2025-11-20T16:07:14.765719,0.7979649,7.979649E-01
1763615234.8141692,2025-11-20T16:07:14.814169,0.7979649,7.979649E-01
1763615234.8643486,2025-11-20T16:07:14.864349,0.7979649,7.979649E-01
1763615234.9540644,2025-11-20T16:07:14.954064,0.6854416,6.854416E-01
1763615234.9637322,2025-11-20T16:07:14.963732,0.6854416,6.854416E-01
1763615235.0144637,2025-11-20T16:07:15.014464,0.6854416,6.854416E-01
1763615235.0654464,2025-11-20T16:07:15.065446,0.6854416,6.854416E-01
1763615235.113815,2025-11-20T16:07:15.113815,0.6854416,6.854416E-01
1763615235.164635,2025-11-20T16:07:15.164635,0.6854416,6.854416E-01
1763615235.2522275,2025-11-20T16:07:15.252228,0.6374524,6.374524E-01
1763615235.2634742,2025-11-20T16:07:15.263474,0.6374524,6.374524E-01
1763615235.3142676,2025-11-20T16:07:15.314268,0.6374524,6.374524E-01
1763615235.3651142,2025-11-20T16:07:15.365114,0.6374524,6.374524E-01
1763615235.4142756,2025-11-20T16:07:15.414276,0.6374524,6.374524E-01
1763615235.4643826,2025-11-20T16:07:15.464383,0.6374524,6.374524E-01
1763615235.5518563,2025-11-20T16:07:15.551856,0.4440323,4.440323E-01
1763615235.5630913,2025-11-20T16:07:15.563091,0.4440323,4.440323E-01
1763615235.6136813,2025-11-20T16:07:15.613681,0.4440323,4.440323E-01
1763615235.6641858,2025-11-20T16:07:15.664186,0.4440323,4.440323E-01
1763615235.714683,2025-11-20T16:07:15.714683,0.4440323,4.440323E-01
1763615235.7637188,2025-11-20T16:07:15.763719,0.4440323,4.440323E-01
1763615235.851117,2025-11-20T16:07:15.851117,0.3556656,3.556656E-01
1763615235.8647451,2025-11-20T16:07:15.864745,0.3556656,3.556656E-01
1763615235.9131398,2025-11-20T16:07:15.913140,0.3556656,3.556656E-01
1763615235.9640284,2025-11-20T16:07:15.964028,0.3556656,3.556656E-01
1763615236.01405,2025-11-20T16:07:16.014050,0.3556656,3.556656E-01
1763615236.0638793,2025-11-20T16:07:16.063879,0.3556656,3.556656E-01
1763615236.1135666,2025-11-20T16:07:16.113567,0.3556656,3.556656E-01
1763615236.1639094,2025-11-20T16:07:16.163909,0.3556656,3.556656E-01
1763615236.2138608,2025-11-20T16:07:16.213861,0.3556656,3.556656E-01
1763615236.2999675,2025-11-20T16:07:16.299968,0.3011176,3.011176E-01
1763615236.3137794,2025-11-20T16:07:16.313779,0.3011176,3.011176E-01
1763615236.3641343,2025-11-20T16:07:16.364134,0.3011176,3.011176E-01
1763615236.4137545,2025-11-20T16:07:16.413754,0.3011176,3.011176E-01
1763615236.4632452,2025-11-20T16:07:16.463245,0.3011176,3.011176E-01
1763615236.51378,2025-11-20T16:07:16.513780,0.3011176,3.011176E-01
1763615236.5993721,2025-11-20T16:07:16.599372,0.2253845,2.253845E-01
1763615236.6130984,2025-11-20T16:07:16.613098,0.2253845,2.253845E-01
1763615236.6632586,2025-11-20T16:07:16.663259,0.2253845,2.253845E-01
1763615236.7141397,2025-11-20T16:07:16.714140,0.2253845,2.253845E-01
1763615236.763556,2025-11-20T16:07:16.763556,0.2253845,2.253845E-01
1763615236.8129563,2025-11-20T16:07:16.812956,0.2253845,2.253845E-01
1763615236.8992677,2025-11-20T16:07:16.899268,0.4135624,4.135624E-01
1763615236.913903,2025-11-20T16:07:16.913903,0.4135624,4.135624E-01
1763615236.9647923,2025-11-20T16:07:16.964792,0.4135624,4.135624E-01
1763615237.0138206,2025-11-20T16:07:17.013821,0.4135624,4.135624E-01
1763615237.0633557,2025-11-20T16:07:17.063356,0.4135624,4.135624E-01
1763615237.1135051,2025-11-20T16:07:17.113505,0.4135624,4.135624E-01
1763615237.1984782,2025-11-20T16:07:17.198478,0.3265838,3.265838E-01
1763615237.2138658,2025-11-20T16:07:17.213866,0.3265838,3.265838E-01
1763615237.2643259,2025-11-20T16:07:17.264326,0.3265838,3.265838E-01
1763615237.3132186,2025-11-20T16:07:17.313219,0.3265838,3.265838E-01
1763615237.3640764,2025-11-20T16:07:17.364076,0.3265838,3.265838E-01
1763615237.4139152,2025-11-20T16:07:17.413915,0.3265838,3.265838E-01
1763615237.4634643,2025-11-20T16:07:17.463464,0.3265838,3.265838E-01
1763615237.5140343,2025-11-20T16:07:17.514034,0.3265838,3.265838E-01
1763615237.5633817,2025-11-20T16:07:17.563382,0.3265838,3.265838E-01
1763615237.64746,2025-11-20T16:07:17.647460,0.2626976,2.626976E-01
1763615237.6633763,2025-11-20T16:07:17.663376,0.2626976,2.626976E-01
1763615237.7133372,2025-11-20T16:07:17.713337,0.2626976,2.626976E-01
1763615237.7637153,2025-11-20T16:07:17.763715,0.2626976,2.626976E-01
1763615237.812947,2025-11-20T16:07:17.812947,0.2626976,2.626976E-01
1763615237.8639116,2025-11-20T16:07:17.863912,0.2626976,2.626976E-01
1763615237.9464636,2025-11-20T16:07:17.946464,0.2490428,2.490428E-01
1763615237.9637394,2025-11-20T16:07:17.963739,0.2490428,2.490428E-01
1763615238.014032,2025-11-20T16:07:18.014032,0.2490428,2.490428E-01
1763615238.0627856,2025-11-20T16:07:18.062786,0.2490428,2.490428E-01
1763615238.1130364,2025-11-20T16:07:18.113036,0.2490428,2.490428E-01
1763615238.163019,2025-11-20T16:07:18.163019,0.2490428,2.490428E-01
1763615238.2464082,2025-11-20T16:07:18.246408,0.2454022,2.454022E-01
1763615238.2636158,2025-11-20T16:07:18.263616,0.2454022,2.454022E-01
1763615238.3134573,2025-11-20T16:07:18.313457,0.2454022,2.454022E-01
1763615238.3632262,2025-11-20T16:07:18.363226,0.2454022,2.454022E-01
1763615238.4136102,2025-11-20T16:07:18.413610,0.2454022,2.454022E-01
1763615238.464036,2025-11-20T16:07:18.464036,0.2454022,2.454022E-01
1763615238.5460067,2025-11-20T16:07:18.546007,0.2411318,2.411318E-01
1763615238.5636978,2025-11-20T16:07:18.563698,0.2411318,2.411318E-01
1763615238.6138828,2025-11-20T16:07:18.613883,0.2411318,2.411318E-01
1763615238.663877,2025-11-20T16:07:18.663877,0.2411318,2.411318E-01
1763615238.7139316,2025-11-20T16:07:18.713932,0.2411318,2.411318E-01
1763615238.763386,2025-11-20T16:07:18.763386,0.2411318,2.411318E-01
1763615238.8455348,2025-11-20T16:07:18.845535,0.2440037,2.440037E-01
1763615238.8639274,2025-11-20T16:07:18.863927,0.2440037,2.440037E-01
1763615238.913405,2025-11-20T16:07:18.913405,0.2440037,2.440037E-01
1763615238.9630268,2025-11-20T16:07:18.963027,0.2440037,2.440037E-01
1763615239.0131958,2025-11-20T16:07:19.013196,0.2440037,2.440037E-01
1763615239.0635433,2025-11-20T16:07:19.063543,0.2440037,2.440037E-01
1763615239.1126747,2025-11-20T16:07:19.112675,0.2440037,2.440037E-01
1763615239.163315,2025-11-20T16:07:19.163315,0.2440037,2.440037E-01
1763615239.213675,2025-11-20T16:07:19.213675,0.2440037,2.440037E-01
1763615239.2943547,2025-11-20T16:07:19.294355,0.242178,2.421780E-01
1763615239.3133905,2025-11-20T16:07:19.313390,0.242178,2.421780E-01
1763615239.3635893,2025-11-20T16:07:19.363589,0.242178,2.421780E-01
1763615239.4135618,2025-11-20T16:07:19.413562,0.242178,2.421780E-01
1763615239.4632077,2025-11-20T16:07:19.463208,0.242178,2.421780E-01
1763615239.5133946,2025-11-20T16:07:19.513395,0.242178,2.421780E-01
1763615239.5938401,2025-11-20T16:07:19.593840,0.2414841,2.414841E-01
1763615239.6131556,2025-11-20T16:07:19.613156,0.2414841,2.414841E-01
1763615239.6628103,2025-11-20T16:07:19.662810,0.2414841,2.414841E-01
1763615239.7134979,2025-11-20T16:07:19.713498,0.2414841,2.414841E-01
1763615239.7634854,2025-11-20T16:07:19.763485,0.2414841,2.414841E-01
1763615239.813027,2025-11-20T16:07:19.813027,0.2414841,2.414841E-01
1763615239.8930779,2025-11-20T16:07:19.893078,0.2605517,2.605517E-01
1763615239.913013,2025-11-20T16:07:19.913013,0.2605517,2.605517E-01
1763615239.9634743,2025-11-20T16:07:19.963474,0.2605517,2.605517E-01
1763615240.013451,2025-11-20T16:07:20.013451,0.2605517,2.605517E-01
1763615240.0632703,2025-11-20T16:07:20.063270,0.2605517,2.605517E-01
1763615240.1131508,2025-11-20T16:07:20.113151,0.2605517,2.605517E-01
1763615240.192705,2025-11-20T16:07:20.192705,0.3256763,3.256763E-01
1763615240.2137682,2025-11-20T16:07:20.213768,0.3256763,3.256763E-01
1763615240.2631261,2025-11-20T16:07:20.263126,0.3256763,3.256763E-01
1763615240.3139007,2025-11-20T16:07:20.313901,0.3256763,3.256763E-01
1763615240.3631816,2025-11-20T16:07:20.363182,0.3256763,3.256763E-01
1763615240.4130409,2025-11-20T16:07:20.413041,0.3256763,3.256763E-01
1763615240.464551,2025-11-20T16:07:20.464551,0.3256763,3.256763E-01
1763615240.513861,2025-11-20T16:07:20.513861,0.3256763,3.256763E-01
1763615240.5636215,2025-11-20T16:07:20.563622,0.3256763,3.256763E-01
1763615240.6413484,2025-11-20T16:07:20.641348,0.3852387,3.852387E-01
1763615240.6635492,2025-11-20T16:07:20.663549,0.3852387,3.852387E-01
1763615240.7133653,2025-11-20T16:07:20.713365,0.3852387,3.852387E-01
1763615240.763146,2025-11-20T16:07:20.763146,0.3852387,3.852387E-01
1763615240.8143582,2025-11-20T16:07:20.814358,0.3852387,3.852387E-01
1763615240.8639073,2025-11-20T16:07:20.863907,0.3852387,3.852387E-01
1763615240.9412293,2025-11-20T16:07:20.941229,0.5813811,5.813811E-01
1763615240.9639745,2025-11-20T16:07:20.963974,0.5813811,5.813811E-01
1763615241.01322,2025-11-20T16:07:21.013220,0.5813811,5.813811E-01
1763615241.0641723,2025-11-20T16:07:21.064172,0.5813811,5.813811E-01
1763615241.1133766,2025-11-20T16:07:21.113377,0.5813811,5.813811E-01
1763615241.1638932,2025-11-20T16:07:21.163893,0.5813811,5.813811E-01
1763615241.24074,2025-11-20T16:07:21.240740,0.5200679,5.200679E-01
1763615241.2634513,2025-11-20T16:07:21.263451,0.5200679,5.200679E-01
1763615241.3134315,2025-11-20T16:07:21.313432,0.5200679,5.200679E-01
1763615241.3633587,2025-11-20T16:07:21.363359,0.5200679,5.200679E-01
1763615241.4140446,2025-11-20T16:07:21.414045,0.5200679,5.200679E-01
1763615241.4632647,2025-11-20T16:07:21.463265,0.5200679,5.200679E-01
1763615241.5395944,2025-11-20T16:07:21.539594,0.7435733,7.435733E-01
1763615241.5630796,2025-11-20T16:07:21.563080,0.7435733,7.435733E-01
1763615241.6131287,2025-11-20T16:07:21.613129,0.7435733,7.435733E-01
1763615241.663851,2025-11-20T16:07:21.663851,0.7435733,7.435733E-01
1763615241.7128122,2025-11-20T16:07:21.712812,0.7435733,7.435733E-01
1763615241.7635682,2025-11-20T16:07:21.763568,0.7435733,7.435733E-01
1763615241.838872,2025-11-20T16:07:21.838872,0.673794,6.737940E-01
1763615241.863967,2025-11-20T16:07:21.863967,0.673794,6.737940E-01
1763615241.9130988,2025-11-20T16:07:21.913099,0.673794,6.737940E-01
1763615241.9632456,2025-11-20T16:07:21.963246,0.673794,6.737940E-01
1763615242.0135398,2025-11-20T16:07:22.013540,0.673794,6.737940E-01
1763615242.0631905,2025-11-20T16:07:22.063190,0.673794,6.737940E-01
1763615242.1137254,2025-11-20T16:07:22.113725,0.673794,6.737940E-01
1763615242.16315,2025-11-20T16:07:22.163150,0.673794,6.737940E-01
1763615242.2139032,2025-11-20T16:07:22.213903,0.673794,6.737940E-01
1763615242.28818,2025-11-20T16:07:22.288180,0.5043347,5.043347E-01
1763615242.3135524,2025-11-20T16:07:22.313552,0.5043347,5.043347E-01
1763615242.3637986,2025-11-20T16:07:22.363799,0.5043347,5.043347E-01
1763615242.4133909,2025-11-20T16:07:22.413391,0.5043347,5.043347E-01
1763615242.4632788,2025-11-20T16:07:22.463279,0.5043347,5.043347E-01
1763615242.5132983,2025-11-20T16:07:22.513298,0.5043347,5.043347E-01
1763615242.588058,2025-11-20T16:07:22.588058,0.5524273,5.524273E-01
1763615242.6128666,2025-11-20T16:07:22.612867,0.5524273,5.524273E-01
1763615242.663166,2025-11-20T16:07:22.663166,0.5524273,5.524273E-01
1763615242.7131946,2025-11-20T16:07:22.713195,0.5524273,5.524273E-01
1763615242.7643147,2025-11-20T16:07:22.764315,0.5524273,5.524273E-01
1763615242.8139808,2025-11-20T16:07:22.813981,0.5524273,5.524273E-01
1763615242.8868656,2025-11-20T16:07:22.886866,0.3727689,3.727689E-01
1763615242.914028,2025-11-20T16:07:22.914028,0.3727689,3.727689E-01
1763615242.9635339,2025-11-20T16:07:22.963534,0.3727689,3.727689E-01
1763615243.0137775,2025-11-20T16:07:23.013777,0.3727689,3.727689E-01
1763615243.0631025,2025-11-20T16:07:23.063102,0.3727689,3.727689E-01
1763615243.113154,2025-11-20T16:07:23.113154,0.3727689,3.727689E-01
1763615243.1864874,2025-11-20T16:07:23.186487,0.4677547,4.677547E-01
1763615243.214294,2025-11-20T16:07:23.214294,0.4677547,4.677547E-01
1763615243.2638144,2025-11-20T16:07:23.263814,0.4677547,4.677547E-01
1763615243.3142235,2025-11-20T16:07:23.314224,0.4677547,4.677547E-01
1763615243.364336,2025-11-20T16:07:23.364336,0.4677547,4.677547E-01
1763615243.4142375,2025-11-20T16:07:23.414237,0.4677547,4.677547E-01
1763615243.4862921,2025-11-20T16:07:23.486292,0.7350964,7.350964E-01
1763615243.513431,2025-11-20T16:07:23.513431,0.7350964,7.350964E-01
1763615243.5630794,2025-11-20T16:07:23.563079,0.7350964,7.350964E-01
1763615243.6134355,2025-11-20T16:07:23.613436,0.7350964,7.350964E-01
1763615243.6633818,2025-11-20T16:07:23.663382,0.7350964,7.350964E-01
1763615243.7128391,2025-11-20T16:07:23.712839,0.7350964,7.350964E-01
1763615243.7633052,2025-11-20T16:07:23.763305,0.7350964,7.350964E-01
1763615243.8130774,2025-11-20T16:07:23.813077,0.7350964,7.350964E-01
1763615243.8631341,2025-11-20T16:07:23.863134,0.7350964,7.350964E-01
1763615243.9348185,2025-11-20T16:07:23.934819,0.7146481,7.146481E-01
1763615243.9628997,2025-11-20T16:07:23.962900,0.7146481,7.146481E-01
1763615244.0130866,2025-11-20T16:07:24.013087,0.7146481,7.146481E-01
1763615244.0631557,2025-11-20T16:07:24.063156,0.7146481,7.146481E-01
1763615244.1131074,2025-11-20T16:07:24.113107,0.7146481,7.146481E-01
1763615244.163108,2025-11-20T16:07:24.163108,0.7146481,7.146481E-01
1763615244.2342966,2025-11-20T16:07:24.234297,0.6489291,6.489291E-01
1763615244.263477,2025-11-20T16:07:24.263477,0.6489291,6.489291E-01
1763615244.3131914,2025-11-20T16:07:24.313191,0.6489291,6.489291E-01
1763615244.3639014,2025-11-20T16:07:24.363901,0.6489291,6.489291E-01
1763615244.4137511,2025-11-20T16:07:24.413751,0.6489291,6.489291E-01
1763615244.4634526,2025-11-20T16:07:24.463453,0.6489291,6.489291E-01
1763615244.5337715,2025-11-20T16:07:24.533772,0.3956052,3.956052E-01
1763615244.563887,2025-11-20T16:07:24.563887,0.3956052,3.956052E-01
1763615244.6133685,2025-11-20T16:07:24.613369,0.3956052,3.956052E-01
1763615244.6633859,2025-11-20T16:07:24.663386,0.3956052,3.956052E-01
1763615244.7129343,2025-11-20T16:07:24.712934,0.3956052,3.956052E-01
1763615244.7634377,2025-11-20T16:07:24.763438,0.3956052,3.956052E-01
1763615244.8331456,2025-11-20T16:07:24.833146,0.2884913,2.884913E-01
1763615244.8638384,2025-11-20T16:07:24.863838,0.2884913,2.884913E-01
1763615244.9135783,2025-11-20T16:07:24.913578,0.2884913,2.884913E-01
1763615244.9632812,2025-11-20T16:07:24.963281,0.2884913,2.884913E-01
1763615245.0131633,2025-11-20T16:07:25.013163,0.2884913,2.884913E-01
1763615245.0634186,2025-11-20T16:07:25.063419,0.2884913,2.884913E-01
1763615245.1132033,2025-11-20T16:07:25.113203,0.2884913,2.884913E-01
1763615245.163371,2025-11-20T16:07:25.163371,0.2884913,2.884913E-01
1763615245.2135336,2025-11-20T16:07:25.213534,0.2884913,2.884913E-01
1763615245.2821767,2025-11-20T16:07:25.282177,0.6632529,6.632529E-01
1763615245.3133106,2025-11-20T16:07:25.313311,0.6632529,6.632529E-01
1763615245.3632174,2025-11-20T16:07:25.363217,0.6632529,6.632529E-01
1763615245.413675,2025-11-20T16:07:25.413675,0.6632529,6.632529E-01
1763615245.463446,2025-11-20T16:07:25.463446,0.6632529,6.632529E-01
1763615245.5134997,2025-11-20T16:07:25.513500,0.6632529,6.632529E-01
1763615245.5816095,2025-11-20T16:07:25.581609,0.7830111,7.830111E-01
1763615245.613703,2025-11-20T16:07:25.613703,0.7830111,7.830111E-01
1763615245.6631556,2025-11-20T16:07:25.663156,0.7830111,7.830111E-01
1763615245.7127414,2025-11-20T16:07:25.712741,0.7830111,7.830111E-01
1763615245.7635732,2025-11-20T16:07:25.763573,0.7830111,7.830111E-01
1763615245.81309,2025-11-20T16:07:25.813090,0.7830111,7.830111E-01
1763615245.881095,2025-11-20T16:07:25.881095,0.6507547,6.507547E-01
1763615245.9134736,2025-11-20T16:07:25.913474,0.6507547,6.507547E-01
1763615245.963285,2025-11-20T16:07:25.963285,0.6507547,6.507547E-01
1763615246.012931,2025-11-20T16:07:26.012931,0.6507547,6.507547E-01
1763615246.0632386,2025-11-20T16:07:26.063239,0.6507547,6.507547E-01
1763615246.1131258,2025-11-20T16:07:26.113126,0.6507547,6.507547E-01
1763615246.1803234,2025-11-20T16:07:26.180323,0.5729896,5.729896E-01
1763615246.2142966,2025-11-20T16:07:26.214297,0.5729896,5.729896E-01
1763615246.26354,2025-11-20T16:07:26.263540,0.5729896,5.729896E-01
1763615246.3131373,2025-11-20T16:07:26.313137,0.5729896,5.729896E-01
1763615246.3636608,2025-11-20T16:07:26.363661,0.5729896,5.729896E-01
1763615246.4133244,2025-11-20T16:07:26.413324,0.5729896,5.729896E-01
1763615246.4799285,2025-11-20T16:07:26.479928,0.3771995,3.771995E-01
1763615246.5135143,2025-11-20T16:07:26.513514,0.3771995,3.771995E-01
1763615246.5630505,2025-11-20T16:07:26.563051,0.3771995,3.771995E-01
1763615246.613815,2025-11-20T16:07:26.613815,0.3771995,3.771995E-01
1763615246.662986,2025-11-20T16:07:26.662986,0.3771995,3.771995E-01
1763615246.7141316,2025-11-20T16:07:26.714132,0.3771995,3.771995E-01
1763615246.7639308,2025-11-20T16:07:26.763931,0.3771995,3.771995E-01
1763615246.8135405,2025-11-20T16:07:26.813540,0.3771995,3.771995E-01
1763615246.8647099,2025-11-20T16:07:26.864710,0.3771995,3.771995E-01
1763615246.9299607,2025-11-20T16:07:26.929961,0.3628329,3.628329E-01
1763615246.9633682,2025-11-20T16:07:26.963368,0.3628329,3.628329E-01
1763615247.0140576,2025-11-20T16:07:27.014058,0.3628329,3.628329E-01
1763615247.0638993,2025-11-20T16:07:27.063899,0.3628329,3.628329E-01
1763615247.114785,2025-11-20T16:07:27.114785,0.3628329,3.628329E-01
1763615247.1633902,2025-11-20T16:07:27.163390,0.3628329,3.628329E-01
1763615247.2286468,2025-11-20T16:07:27.228647,0.2079823,2.079823E-01
1763615247.2649686,2025-11-20T16:07:27.264969,0.2079823,2.079823E-01
1763615247.315001,2025-11-20T16:07:27.315001,0.2079823,2.079823E-01
1763615247.3640313,2025-11-20T16:07:27.364031,0.2079823,2.079823E-01
1763615247.4134262,2025-11-20T16:07:27.413426,0.2079823,2.079823E-01
1763615247.4638329,2025-11-20T16:07:27.463833,0.2079823,2.079823E-01
1763615247.5281878,2025-11-20T16:07:27.528188,0.3684557,3.684557E-01
1763615247.563444,2025-11-20T16:07:27.563444,0.3684557,3.684557E-01
1763615247.6130285,2025-11-20T16:07:27.613029,0.3684557,3.684557E-01
1763615247.6636727,2025-11-20T16:07:27.663673,0.3684557,3.684557E-01
1763615247.7127333,2025-11-20T16:07:27.712733,0.3684557,3.684557E-01
1763615247.7632985,2025-11-20T16:07:27.763299,0.3684557,3.684557E-01
1763615247.827139,2025-11-20T16:07:27.827139,0.3188756,3.188756E-01
1763615247.8635921,2025-11-20T16:07:27.863592,0.3188756,3.188756E-01
1763615247.9130442,2025-11-20T16:07:27.913044,0.3188756,3.188756E-01
1763615247.9634478,2025-11-20T16:07:27.963448,0.3188756,3.188756E-01
1763615248.0130258,2025-11-20T16:07:28.013026,0.3188756,3.188756E-01
1763615248.0640306,2025-11-20T16:07:28.064031,0.3188756,3.188756E-01
1763615248.1130168,2025-11-20T16:07:28.113017,0.3188756,3.188756E-01
1763615248.1635287,2025-11-20T16:07:28.163529,0.3188756,3.188756E-01
1763615248.2134035,2025-11-20T16:07:28.213403,0.3188756,3.188756E-01
1763615248.2758965,2025-11-20T16:07:28.275897,0.2887902,2.887902E-01
1763615248.3137295,2025-11-20T16:07:28.313730,0.2887902,2.887902E-01
1763615248.363272,2025-11-20T16:07:28.363272,0.2887902,2.887902E-01
1763615248.4133055,2025-11-20T16:07:28.413306,0.2887902,2.887902E-01
1763615248.4636598,2025-11-20T16:07:28.463660,0.2887902,2.887902E-01
1763615248.5131023,2025-11-20T16:07:28.513102,0.2887902,2.887902E-01
1763615248.5754857,2025-11-20T16:07:28.575486,0.2519574,2.519574E-01
1763615248.6140482,2025-11-20T16:07:28.614048,0.2519574,2.519574E-01
1763615248.6634586,2025-11-20T16:07:28.663459,0.2519574,2.519574E-01
1763615248.7132063,2025-11-20T16:07:28.713206,0.2519574,2.519574E-01
1763615248.7633302,2025-11-20T16:07:28.763330,0.2519574,2.519574E-01
1763615248.813836,2025-11-20T16:07:28.813836,0.2519574,2.519574E-01
1763615248.8756752,2025-11-20T16:07:28.875675,0.2538044,2.538044E-01
1763615248.914104,2025-11-20T16:07:28.914104,0.2538044,2.538044E-01
1763615248.9643006,2025-11-20T16:07:28.964301,0.2538044,2.538044E-01
1763615249.0137076,2025-11-20T16:07:29.013708,0.2538044,2.538044E-01
1763615249.0637484,2025-11-20T16:07:29.063748,0.2538044,2.538044E-01
1763615249.1137776,2025-11-20T16:07:29.113778,0.2538044,2.538044E-01
1763615249.1744156,2025-11-20T16:07:29.174416,0.2412492,2.412492E-01
1763615249.2132993,2025-11-20T16:07:29.213299,0.2412492,2.412492E-01
1763615249.2632225,2025-11-20T16:07:29.263222,0.2412492,2.412492E-01
1763615249.3134398,2025-11-20T16:07:29.313440,0.2412492,2.412492E-01
1763615249.3634286,2025-11-20T16:07:29.363429,0.2412492,2.412492E-01
1763615249.4135535,2025-11-20T16:07:29.413553,0.2412492,2.412492E-01
1763615249.4742112,2025-11-20T16:07:29.474211,0.2437688,2.437688E-01
1763615249.5135832,2025-11-20T16:07:29.513583,0.2437688,2.437688E-01
1763615249.5628264,2025-11-20T16:07:29.562826,0.2437688,2.437688E-01
1763615249.613414,2025-11-20T16:07:29.613414,0.2437688,2.437688E-01
1763615249.6635425,2025-11-20T16:07:29.663543,0.2437688,2.437688E-01
1763615249.7131352,2025-11-20T16:07:29.713135,0.2437688,2.437688E-01
1763615249.7639594,2025-11-20T16:07:29.763959,0.2437688,2.437688E-01
1763615249.8135254,2025-11-20T16:07:29.813525,0.2437688,2.437688E-01
1763615249.8631144,2025-11-20T16:07:29.863114,0.2437688,2.437688E-01
1763615249.9229052,2025-11-20T16:07:29.922905,0.242662,2.426620E-01
1763615249.9637296,2025-11-20T16:07:29.963730,0.242662,2.426620E-01
1763615250.0130875,2025-11-20T16:07:30.013088,0.242662,2.426620E-01
1763615250.0641696,2025-11-20T16:07:30.064170,0.242662,2.426620E-01
1763615250.1131408,2025-11-20T16:07:30.113141,0.242662,2.426620E-01
1763615250.1633377,2025-11-20T16:07:30.163338,0.242662,2.426620E-01
1763615250.222222,2025-11-20T16:07:30.222222,0.2429147,2.429147E-01
1763615250.2633128,2025-11-20T16:07:30.263313,0.2429147,2.429147E-01
1763615250.3131056,2025-11-20T16:07:30.313106,0.2429147,2.429147E-01
1763615250.363101,2025-11-20T16:07:30.363101,0.2429147,2.429147E-01
1763615250.4136329,2025-11-20T16:07:30.413633,0.2429147,2.429147E-01
1763615250.463272,2025-11-20T16:07:30.463272,0.2429147,2.429147E-01
1763615250.5218272,2025-11-20T16:07:30.521827,0.2422421,2.422421E-01
1763615250.5638711,2025-11-20T16:07:30.563871,0.2422421,2.422421E-01
1763615250.6132634,2025-11-20T16:07:30.613263,0.2422421,2.422421E-01
1763615250.6632805,2025-11-20T16:07:30.663280,0.2422421,2.422421E-01
1763615250.7133453,2025-11-20T16:07:30.713345,0.2422421,2.422421E-01
1763615250.7629569,2025-11-20T16:07:30.762957,0.2422421,2.422421E-01
1763615250.8209612,2025-11-20T16:07:30.820961,0.2917261,2.917261E-01
1763615250.8636062,2025-11-20T16:07:30.863606,0.2917261,2.917261E-01
1763615250.913424,2025-11-20T16:07:30.913424,0.2917261,2.917261E-01
1763615250.9627383,2025-11-20T16:07:30.962738,0.2917261,2.917261E-01
1763615251.0128462,2025-11-20T16:07:31.012846,0.2917261,2.917261E-01
1763615251.0631921,2025-11-20T16:07:31.063192,0.2917261,2.917261E-01
1763615251.1133127,2025-11-20T16:07:31.113313,0.2917261,2.917261E-01
1763615251.1631584,2025-11-20T16:07:31.163158,0.2917261,2.917261E-01
1763615251.2135923,2025-11-20T16:07:31.213592,0.2917261,2.917261E-01
1763615251.2701783,2025-11-20T16:07:31.270178,0.3567475,3.567475E-01
1763615251.3129508,2025-11-20T16:07:31.312951,0.3567475,3.567475E-01
1763615251.3632412,2025-11-20T16:07:31.363241,0.3567475,3.567475E-01
1763615251.413486,2025-11-20T16:07:31.413486,0.3567475,3.567475E-01
1763615251.4634748,2025-11-20T16:07:31.463475,0.3567475,3.567475E-01
1763615251.5131297,2025-11-20T16:07:31.513130,0.3567475,3.567475E-01
1763615251.5701642,2025-11-20T16:07:31.570164,0.5065197,5.065197E-01
1763615251.6132555,2025-11-20T16:07:31.613256,0.5065197,5.065197E-01
1763615251.6645257,2025-11-20T16:07:31.664526,0.5065197,5.065197E-01
1763615251.7137623,2025-11-20T16:07:31.713762,0.5065197,5.065197E-01
1763615251.7631054,2025-11-20T16:07:31.763105,0.5065197,5.065197E-01
1763615251.8134527,2025-11-20T16:07:31.813453,0.5065197,5.065197E-01
1763615251.8695273,2025-11-20T16:07:31.869527,0.5369148,5.369148E-01
1763615251.9138956,2025-11-20T16:07:31.913896,0.5369148,5.369148E-01
1763615251.9631042,2025-11-20T16:07:31.963104,0.5369148,5.369148E-01
1763615252.0133564,2025-11-20T16:07:32.013356,0.5369148,5.369148E-01
1763615252.0640147,2025-11-20T16:07:32.064015,0.5369148,5.369148E-01
1763615252.113098,2025-11-20T16:07:32.113098,0.5369148,5.369148E-01
1763615252.168968,2025-11-20T16:07:32.168968,0.6079968,6.079968E-01
1763615252.213184,2025-11-20T16:07:32.213184,0.6079968,6.079968E-01
1763615252.2629297,2025-11-20T16:07:32.262930,0.6079968,6.079968E-01
1763615252.3145275,2025-11-20T16:07:32.314528,0.6079968,6.079968E-01
1763615252.3633316,2025-11-20T16:07:32.363332,0.6079968,6.079968E-01
1763615252.4139717,2025-11-20T16:07:32.413972,0.6079968,6.079968E-01
1763615252.4677844,2025-11-20T16:07:32.467784,0.7603882,7.603882E-01
1763615252.5133238,2025-11-20T16:07:32.513324,0.7603882,7.603882E-01
1763615252.5638156,2025-11-20T16:07:32.563816,0.7603882,7.603882E-01
1763615252.6141,2025-11-20T16:07:32.614100,0.7603882,7.603882E-01
1763615252.6647315,2025-11-20T16:07:32.664732,0.7603882,7.603882E-01
1763615252.7133482,2025-11-20T16:07:32.713348,0.7603882,7.603882E-01
1763615252.7635586,2025-11-20T16:07:32.763559,0.7603882,7.603882E-01
1763615252.8129613,2025-11-20T16:07:32.812961,0.7603882,7.603882E-01
1763615252.8629487,2025-11-20T16:07:32.862949,0.7603882,7.603882E-01
1763615252.9168682,2025-11-20T16:07:32.916868,0.555744,5.557440E-01
1763615252.9633927,2025-11-20T16:07:32.963393,0.555744,5.557440E-01
1763615253.014148,2025-11-20T16:07:33.014148,0.555744,5.557440E-01
1763615253.0634825,2025-11-20T16:07:33.063483,0.555744,5.557440E-01
1763615253.113394,2025-11-20T16:07:33.113394,0.555744,5.557440E-01
1763615253.1639307,2025-11-20T16:07:33.163931,0.555744,5.557440E-01
1763615253.21675,2025-11-20T16:07:33.216750,0.4909646,4.909646E-01
1763615253.2639365,2025-11-20T16:07:33.263937,0.4909646,4.909646E-01
1763615253.3131802,2025-11-20T16:07:33.313180,0.4909646,4.909646E-01
1763615253.3633924,2025-11-20T16:07:33.363392,0.4909646,4.909646E-01
1763615253.4134185,2025-11-20T16:07:33.413419,0.4909646,4.909646E-01
1763615253.46294,2025-11-20T16:07:33.462940,0.4909646,4.909646E-01
1763615253.5157094,2025-11-20T16:07:33.515709,0.5005305,5.005305E-01
1763615253.563506,2025-11-20T16:07:33.563506,0.5005305,5.005305E-01
1763615253.6132839,2025-11-20T16:07:33.613284,0.5005305,5.005305E-01
1763615253.663406,2025-11-20T16:07:33.663406,0.5005305,5.005305E-01
1763615253.7133026,2025-11-20T16:07:33.713303,0.5005305,5.005305E-01
1763615253.7629356,2025-11-20T16:07:33.762936,0.5005305,5.005305E-01
1763615253.8155138,2025-11-20T16:07:33.815514,0.3789077,3.789077E-01
1763615253.8631122,2025-11-20T16:07:33.863112,0.3789077,3.789077E-01
1763615253.9140046,2025-11-20T16:07:33.914005,0.3789077,3.789077E-01
1763615253.9631534,2025-11-20T16:07:33.963153,0.3789077,3.789077E-01
1763615254.0132856,2025-11-20T16:07:34.013286,0.3789077,3.789077E-01
1763615254.0635614,2025-11-20T16:07:34.063561,0.3789077,3.789077E-01
1763615254.1132429,2025-11-20T16:07:34.113243,0.3789077,3.789077E-01
1763615254.1637912,2025-11-20T16:07:34.163791,0.3789077,3.789077E-01
1763615254.2641873,2025-11-20T16:07:34.264187,0.6519006,6.519006E-01
1763615254.2684598,2025-11-20T16:07:34.268460,0.6519006,6.519006E-01
1763615254.314241,2025-11-20T16:07:34.314241,0.6519006,6.519006E-01
1763615254.3628154,2025-11-20T16:07:34.362815,0.6519006,6.519006E-01
1763615254.4133494,2025-11-20T16:07:34.413349,0.6519006,6.519006E-01
1763615254.4632432,2025-11-20T16:07:34.463243,0.6519006,6.519006E-01
1763615254.514598,2025-11-20T16:07:34.514598,0.6519006,6.519006E-01
1763615254.5670056,2025-11-20T16:07:34.567006,0.7125697,7.125697E-01
1763615254.6142752,2025-11-20T16:07:34.614275,0.7125697,7.125697E-01
1763615254.6641448,2025-11-20T16:07:34.664145,0.7125697,7.125697E-01
1763615254.7128525,2025-11-20T16:07:34.712852,0.7125697,7.125697E-01
1763615254.7643366,2025-11-20T16:07:34.764337,0.7125697,7.125697E-01
1763615254.8140492,2025-11-20T16:07:34.814049,0.7125697,7.125697E-01
1763615254.8663595,2025-11-20T16:07:34.866359,0.7150893,7.150893E-01
1763615254.9145865,2025-11-20T16:07:34.914587,0.7150893,7.150893E-01
1763615254.962968,2025-11-20T16:07:34.962968,0.7150893,7.150893E-01
1763615255.014314,2025-11-20T16:07:35.014314,0.7150893,7.150893E-01
1763615255.0644343,2025-11-20T16:07:35.064434,0.7150893,7.150893E-01
1763615255.114248,2025-11-20T16:07:35.114248,0.7150893,7.150893E-01
1763615255.165605,2025-11-20T16:07:35.165605,0.5129576,5.129576E-01
1763615255.214114,2025-11-20T16:07:35.214114,0.5129576,5.129576E-01
1763615255.263662,2025-11-20T16:07:35.263662,0.5129576,5.129576E-01
1763615255.3149266,2025-11-20T16:07:35.314927,0.5129576,5.129576E-01
1763615255.3642466,2025-11-20T16:07:35.364247,0.5129576,5.129576E-01
1763615255.41389,2025-11-20T16:07:35.413890,0.5129576,5.129576E-01
1763615255.4663138,2025-11-20T16:07:35.466314,0.3495589,3.495589E-01
1763615255.5137403,2025-11-20T16:07:35.513740,0.3495589,3.495589E-01
1763615255.5643895,2025-11-20T16:07:35.564389,0.3495589,3.495589E-01
1763615255.6142075,2025-11-20T16:07:35.614208,0.3495589,3.495589E-01
1763615255.6637366,2025-11-20T16:07:35.663737,0.3495589,3.495589E-01
1763615255.7140584,2025-11-20T16:07:35.714058,0.3495589,3.495589E-01
1763615255.7636108,2025-11-20T16:07:35.763611,0.3495589,3.495589E-01
1763615255.8139505,2025-11-20T16:07:35.813951,0.3495589,3.495589E-01
1763615255.8642366,2025-11-20T16:07:35.864237,0.3495589,3.495589E-01
1763615255.9162178,2025-11-20T16:07:35.916218,0.461445,4.614450E-01
1763615255.964245,2025-11-20T16:07:35.964245,0.461445,4.614450E-01
1763615256.0135884,2025-11-20T16:07:36.013588,0.461445,4.614450E-01
1763615256.0649137,2025-11-20T16:07:36.064914,0.461445,4.614450E-01
1763615256.1143882,2025-11-20T16:07:36.114388,0.461445,4.614450E-01
1763615256.2144818,2025-11-20T16:07:36.214482,0.5866444,5.866444E-01
1763615256.2192507,2025-11-20T16:07:36.219251,0.5866444,5.866444E-01
1763615256.2634764,2025-11-20T16:07:36.263476,0.5866444,5.866444E-01
1763615256.327977,2025-11-20T16:07:36.327977,0.5866444,5.866444E-01
1763615256.363905,2025-11-20T16:07:36.363905,0.5866444,5.866444E-01
1763615256.4142773,2025-11-20T16:07:36.414277,0.5866444,5.866444E-01
1763615256.5145357,2025-11-20T16:07:36.514536,0.0002241994,2.241994E-04
1763615256.5202355,2025-11-20T16:07:36.520236,0.0002241994,2.241994E-04
1763615256.5649724,2025-11-20T16:07:36.564972,0.0002241994,2.241994E-04
1763615256.6271498,2025-11-20T16:07:36.627150,0.0002241994,2.241994E-04
1763615256.6641479,2025-11-20T16:07:36.664148,0.0002241994,2.241994E-04
1763615256.7135746,2025-11-20T16:07:36.713575,0.0002241994,2.241994E-04
1763615256.8137739,2025-11-20T16:07:36.813774,9.608543e-05,9.608543E-05
1763615256.8188298,2025-11-20T16:07:36.818830,9.608543e-05,9.608543E-05
1763615256.8640077,2025-11-20T16:07:36.864008,9.608543e-05,9.608543E-05
1763615256.9264402,2025-11-20T16:07:36.926440,9.608543e-05,9.608543E-05
1763615256.9636421,2025-11-20T16:07:36.963642,9.608543e-05,9.608543E-05
1763615257.0130732,2025-11-20T16:07:37.013073,9.608543e-05,9.608543E-05
1763615257.1124334,2025-11-20T16:07:37.112433,-0.0002241994,-2.241994E-04
1763615257.117828,2025-11-20T16:07:37.117828,-0.0002241994,-2.241994E-04
1763615257.1645002,2025-11-20T16:07:37.164500,-0.0002241994,-2.241994E-04
1763615257.226336,2025-11-20T16:07:37.226336,-0.0002241994,-2.241994E-04
1763615257.2646105,2025-11-20T16:07:37.264611,-0.0002241994,-2.241994E-04
1763615257.3141463,2025-11-20T16:07:37.314146,-0.0002241994,-2.241994E-04
1763615257.3760188,2025-11-20T16:07:37.376019,-0.0002241994,-2.241994E-04
1763615257.4136696,2025-11-20T16:07:37.413670,-0.0002241994,-2.241994E-04
1763615257.4636755,2025-11-20T16:07:37.463675,-0.0002241994,-2.241994E-04
1763615257.5621903,2025-11-20T16:07:37.562190,8.540928e-05,8.540928E-05
1763615257.5672932,2025-11-20T16:07:37.567293,8.540928e-05,8.540928E-05
1763615257.6134186,2025-11-20T16:07:37.613419,8.540928e-05,8.540928E-05
1763615257.674555,2025-11-20T16:07:37.674555,8.540928e-05,8.540928E-05
1763615257.7141938,2025-11-20T16:07:37.714194,8.540928e-05,8.540928E-05
1763615257.763818,2025-11-20T16:07:37.763818,8.540928e-05,8.540928E-05
1763615257.8614883,2025-11-20T16:07:37.861488,0.0002455518,2.455518E-04
1763615257.8665135,2025-11-20T16:07:37.866513,0.0002455518,2.455518E-04
1763615257.9129946,2025-11-20T16:07:37.912995,0.0002455518,2.455518E-04
1763615257.9743354,2025-11-20T16:07:37.974335,0.0002455518,2.455518E-04
1763615258.0139613,2025-11-20T16:07:38.013961,0.0002455518,2.455518E-04
1763615258.063942,2025-11-20T16:07:38.063942,0.0002455518,2.455518E-04
1763615258.1603544,2025-11-20T16:07:38.160354,-2.135232e-05,-2.135232E-05
1763615258.1661484,2025-11-20T16:07:38.166148,-2.135232e-05,-2.135232E-05
1763615258.2143097,2025-11-20T16:07:38.214310,-2.135232e-05,-2.135232E-05
1763615258.2737353,2025-11-20T16:07:38.273735,-2.135232e-05,-2.135232E-05
1763615258.3139355,2025-11-20T16:07:38.313936,-2.135232e-05,-2.135232E-05
1763615258.3633704,2025-11-20T16:07:38.363370,-2.135232e-05,-2.135232E-05
1763615258.4609647,2025-11-20T16:07:38.460965,0.0002882564,2.882564E-04
1763615258.4661298,2025-11-20T16:07:38.466130,0.0002882564,2.882564E-04
1763615258.5140395,2025-11-20T16:07:38.514040,0.0002882564,2.882564E-04
1763615258.5734909,2025-11-20T16:07:38.573491,0.0002882564,2.882564E-04
1763615258.6139295,2025-11-20T16:07:38.613930,0.0002882564,2.882564E-04
1763615258.663731,2025-11-20T16:07:38.663731,0.0002882564,2.882564E-04
1763615258.7231658,2025-11-20T16:07:38.723166,0.0002882564,2.882564E-04
1763615258.763235,2025-11-20T16:07:38.763235,0.0002882564,2.882564E-04
1763615258.8141224,2025-11-20T16:07:38.814122,0.0002882564,2.882564E-04
1763615258.9093242,2025-11-20T16:07:38.909324,7.117444e-05,7.117444E-05
1763615258.9141335,2025-11-20T16:07:38.914134,7.117444e-05,7.117444E-05
1763615258.963598,2025-11-20T16:07:38.963598,7.117444e-05,7.117444E-05
1763615259.02223,2025-11-20T16:07:39.022230,7.117444e-05,7.117444E-05
1763615259.0631547,2025-11-20T16:07:39.063155,7.117444e-05,7.117444E-05
1763615259.1139126,2025-11-20T16:07:39.113913,7.117444e-05,7.117444E-05
1763615259.2088535,2025-11-20T16:07:39.208853,0.1849112,1.849112E-01
1763615259.214076,2025-11-20T16:07:39.214076,0.1849112,1.849112E-01
1763615259.2642066,2025-11-20T16:07:39.264207,0.1849112,1.849112E-01
1763615259.3210306,2025-11-20T16:07:39.321031,0.1849112,1.849112E-01
1763615259.3635206,2025-11-20T16:07:39.363521,0.1849112,1.849112E-01
1763615259.414384,2025-11-20T16:07:39.414384,0.1849112,1.849112E-01
1763615259.5083256,2025-11-20T16:07:39.508326,0.03623489,3.623489E-02
1763615259.5134695,2025-11-20T16:07:39.513469,0.03623489,3.623489E-02
1763615259.56415,2025-11-20T16:07:39.564150,0.03623489,3.623489E-02
1763615259.6216445,2025-11-20T16:07:39.621644,0.03623489,3.623489E-02
1763615259.6631973,2025-11-20T16:07:39.663197,0.03623489,3.623489E-02
1763615259.7142217,2025-11-20T16:07:39.714222,0.03623489,3.623489E-02
1763615259.8072064,2025-11-20T16:07:39.807206,0.0001708186,1.708186E-04
1763615259.8136935,2025-11-20T16:07:39.813694,0.0001708186,1.708186E-04
1763615259.8636596,2025-11-20T16:07:39.863660,0.0001708186,1.708186E-04
1763615259.9200222,2025-11-20T16:07:39.920022,0.0001708186,1.708186E-04
1763615259.9634697,2025-11-20T16:07:39.963470,0.0001708186,1.708186E-04
1763615260.0137625,2025-11-20T16:07:40.013762,0.0001708186,1.708186E-04
1763615260.1067846,2025-11-20T16:07:40.106785,0.0001494663,1.494663E-04
1763615260.113829,2025-11-20T16:07:40.113829,0.0001494663,1.494663E-04
1763615260.1640272,2025-11-20T16:07:40.164027,0.0001494663,1.494663E-04
1763615260.219591,2025-11-20T16:07:40.219591,0.0001494663,1.494663E-04
1763615260.2628937,2025-11-20T16:07:40.262894,0.0001494663,1.494663E-04
1763615260.314259,2025-11-20T16:07:40.314259,0.0001494663,1.494663E-04
1763615260.3695548,2025-11-20T16:07:40.369555,0.0001494663,1.494663E-04
1763615260.4135752,2025-11-20T16:07:40.413575,0.0001494663,1.494663E-04
1763615260.4647257,2025-11-20T16:07:40.464726,0.0001494663,1.494663E-04
1763615260.5561216,2025-11-20T16:07:40.556122,0.000113879,1.138790E-04
1763615260.5632658,2025-11-20T16:07:40.563266,0.000113879,1.138790E-04
1763615260.6135435,2025-11-20T16:07:40.613544,0.000113879,1.138790E-04
1763615260.6687922,2025-11-20T16:07:40.668792,0.000113879,1.138790E-04
1763615260.713109,2025-11-20T16:07:40.713109,0.000113879,1.138790E-04
1763615260.7644892,2025-11-20T16:07:40.764489,0.000113879,1.138790E-04
1763615260.8551621,2025-11-20T16:07:40.855162,0.0001921709,1.921709E-04
1763615260.8634398,2025-11-20T16:07:40.863440,0.0001921709,1.921709E-04
1763615260.9144766,2025-11-20T16:07:40.914477,0.0001921709,1.921709E-04
1763615260.9687197,2025-11-20T16:07:40.968720,0.0001921709,1.921709E-04
1763615261.013158,2025-11-20T16:07:41.013158,0.0001921709,1.921709E-04
1763615261.0632784,2025-11-20T16:07:41.063278,0.0001921709,1.921709E-04
1763615261.1545105,2025-11-20T16:07:41.154510,0.0001387901,1.387901E-04
1763615261.1632094,2025-11-20T16:07:41.163209,0.0001387901,1.387901E-04
1763615261.2147155,2025-11-20T16:07:41.214715,0.0001387901,1.387901E-04
1763615261.2672894,2025-11-20T16:07:41.267289,0.0001387901,1.387901E-04
1763615261.313361,2025-11-20T16:07:41.313361,0.0001387901,1.387901E-04
1763615261.3638616,2025-11-20T16:07:41.363862,0.0001387901,1.387901E-04
1763615261.4529107,2025-11-20T16:07:41.452911,-3.202848e-05,-3.202848E-05
1763615261.4631,2025-11-20T16:07:41.463100,-3.202848e-05,-3.202848E-05
1763615261.5132258,2025-11-20T16:07:41.513226,-3.202848e-05,-3.202848E-05
1763615261.5664778,2025-11-20T16:07:41.566478,-3.202848e-05,-3.202848E-05
1763615261.613069,2025-11-20T16:07:41.613069,-3.202848e-05,-3.202848E-05
1763615261.663467,2025-11-20T16:07:41.663467,-3.202848e-05,-3.202848E-05
1763615261.7164705,2025-11-20T16:07:41.716470,-3.202848e-05,-3.202848E-05
1763615261.763354,2025-11-20T16:07:41.763354,-3.202848e-05,-3.202848E-05
1763615261.8140428,2025-11-20T16:07:41.814043,-3.202848e-05,-3.202848E-05
1763615261.9031134,2025-11-20T16:07:41.903113,0.0002704628,2.704628E-04
1763615261.9132597,2025-11-20T16:07:41.913260,0.0002704628,2.704628E-04
1763615261.9642744,2025-11-20T16:07:41.964274,0.0002704628,2.704628E-04
1763615262.0156744,2025-11-20T16:07:42.015674,0.0002704628,2.704628E-04
1763615262.0644379,2025-11-20T16:07:42.064438,0.0002704628,2.704628E-04
1763615262.1130538,2025-11-20T16:07:42.113054,0.0002704628,2.704628E-04
1763615262.203252,2025-11-20T16:07:42.203252,0.0002135232,2.135232E-04
1763615262.2131035,2025-11-20T16:07:42.213104,0.0002135232,2.135232E-04
1763615262.263958,2025-11-20T16:07:42.263958,0.0002135232,2.135232E-04
1763615262.31525,2025-11-20T16:07:42.315250,0.0002135232,2.135232E-04
1763615262.3642035,2025-11-20T16:07:42.364203,0.0002135232,2.135232E-04
1763615262.4132912,2025-11-20T16:07:42.413291,0.0002135232,2.135232E-04
1763615262.5021493,2025-11-20T16:07:42.502149,7.473314e-05,7.473314E-05
1763615262.5139666,2025-11-20T16:07:42.513967,7.473314e-05,7.473314E-05
1763615262.5645087,2025-11-20T16:07:42.564509,7.473314e-05,7.473314E-05
1763615262.6148465,2025-11-20T16:07:42.614846,7.473314e-05,7.473314E-05
1763615262.664129,2025-11-20T16:07:42.664129,7.473314e-05,7.473314E-05
1763615262.714418,2025-11-20T16:07:42.714418,7.473314e-05,7.473314E-05
1763615262.8024285,2025-11-20T16:07:42.802428,6.405696e-05,6.405696E-05
1763615262.813901,2025-11-20T16:07:42.813901,6.405696e-05,6.405696E-05
1763615262.864431,2025-11-20T16:07:42.864431,6.405696e-05,6.405696E-05
1763615262.9144144,2025-11-20T16:07:42.914414,6.405696e-05,6.405696E-05
1763615262.9632018,2025-11-20T16:07:42.963202,6.405696e-05,6.405696E-05
1763615263.0141861,2025-11-20T16:07:43.014186,6.405696e-05,6.405696E-05
1763615263.1004527,2025-11-20T16:07:43.100453,0.0001174378,1.174378E-04
1763615263.1135967,2025-11-20T16:07:43.113597,0.0001174378,1.174378E-04
1763615263.1636114,2025-11-20T16:07:43.163611,0.0001174378,1.174378E-04
1763615263.2133954,2025-11-20T16:07:43.213395,0.0001174378,1.174378E-04
1763615263.2638226,2025-11-20T16:07:43.263823,0.0001174378,1.174378E-04
1763615263.3131595,2025-11-20T16:07:43.313159,0.0001174378,1.174378E-04
1763615263.364579,2025-11-20T16:07:43.364579,0.0001174378,1.174378E-04
1763615263.414102,2025-11-20T16:07:43.414102,0.0001174378,1.174378E-04
1763615263.4636517,2025-11-20T16:07:43.463652,0.0001174378,1.174378E-04
1763615263.5494673,2025-11-20T16:07:43.549467,7.117442e-05,7.117442E-05
1763615263.5631828,2025-11-20T16:07:43.563183,7.117442e-05,7.117442E-05
1763615263.6141062,2025-11-20T16:07:43.614106,7.117442e-05,7.117442E-05
1763615263.6636627,2025-11-20T16:07:43.663663,7.117442e-05,7.117442E-05
1763615263.713702,2025-11-20T16:07:43.713702,7.117442e-05,7.117442E-05
1763615263.7638195,2025-11-20T16:07:43.763819,7.117442e-05,7.117442E-05
1763615263.84934,2025-11-20T16:07:43.849340,0.0002348756,2.348756E-04
1763615263.8633027,2025-11-20T16:07:43.863303,0.0002348756,2.348756E-04
1763615263.91297,2025-11-20T16:07:43.912970,0.0002348756,2.348756E-04
1763615263.963719,2025-11-20T16:07:43.963719,0.0002348756,2.348756E-04
1763615264.0141783,2025-11-20T16:07:44.014178,0.0002348756,2.348756E-04
1763615264.0648687,2025-11-20T16:07:44.064869,0.0002348756,2.348756E-04
1763615264.1474462,2025-11-20T16:07:44.147446,-7.473312e-05,-7.473312E-05
1763615264.1633677,2025-11-20T16:07:44.163368,-7.473312e-05,-7.473312E-05
1763615264.2129679,2025-11-20T16:07:44.212968,-7.473312e-05,-7.473312E-05
1763615264.263778,2025-11-20T16:07:44.263778,-7.473312e-05,-7.473312E-05
1763615264.3134425,2025-11-20T16:07:44.313442,-7.473312e-05,-7.473312E-05
1763615264.3641536,2025-11-20T16:07:44.364154,-7.473312e-05,-7.473312E-05
1763615264.447762,2025-11-20T16:07:44.447762,9.608542e-05,9.608542E-05
1763615264.4639661,2025-11-20T16:07:44.463966,9.608542e-05,9.608542E-05
1763615264.5134108,2025-11-20T16:07:44.513411,9.608542e-05,9.608542E-05
1763615264.5634918,2025-11-20T16:07:44.563492,9.608542e-05,9.608542E-05
1763615264.6137946,2025-11-20T16:07:44.613795,9.608542e-05,9.608542E-05
1763615264.6634278,2025-11-20T16:07:44.663428,9.608542e-05,9.608542E-05
1763615264.7130232,2025-11-20T16:07:44.713023,9.608542e-05,9.608542E-05
1763615264.7638454,2025-11-20T16:07:44.763845,9.608542e-05,9.608542E-05
1763615264.8132668,2025-11-20T16:07:44.813267,9.608542e-05,9.608542E-05
1763615264.8973413,2025-11-20T16:07:44.897341,4.982206e-05,4.982206E-05
1763615264.9130704,2025-11-20T16:07:44.913070,4.982206e-05,4.982206E-05
1763615264.96383,2025-11-20T16:07:44.963830,4.982206e-05,4.982206E-05
1763615265.0132654,2025-11-20T16:07:45.013265,4.982206e-05,4.982206E-05
1763615265.0631707,2025-11-20T16:07:45.063171,4.982206e-05,4.982206E-05
