TimeStep,Elapsed_us,L_Gait_Index,R_Gait_Index,RightHip_pos_deg,RightHip_spd_eRPM,RightHip_spd_mech_RPM,RightHip_current_A,RightHip_temp_C,RightHip_err_code,RightHip_err_text,RightKnee_pos_deg,RightKnee_spd_eRPM,RightKnee_spd_mech_RPM,RightKnee_current_A,RightKnee_temp_C,RightKnee_err_code,RightKnee_err_text,LeftKnee_pos_deg,LeftKnee_spd_eRPM,LeftKnee_spd_mech_RPM,LeftKnee_current_A,LeftKnee_temp_C,LeftKnee_err_code,LeftKnee_err_text,LeftHip_pos_deg,LeftHip_spd_eRPM,LeftHip_spd_mech_RPM,LeftHip_current_A,LeftHip_temp_C,LeftHip_err_code,LeftHip_err_text
0,719616,1,51,0.0,0.0,0.0,0.0,0,0,OK,0.0,0.0,0.0,0.0,0,0,OK,0.0,0.0,0.0,0.0,0,0,OK,0.0,0.0,0.0,0.0,0,0,OK
5,925554,6,56,0.0,0.0,0.0,0.0,0,0,OK,0.0,0.0,0.0,0.0,0,0,OK,0.0,0.0,0.0,0.0,0,0,OK,0.0,0.0,0.0,0.0,0,0,OK
10,1131555,11,61,0.0,0.0,0.0,0.0,0,0,OK,0.0,0.0,0.0,0.0,0,0,OK,0.0,0.0,0.0,0.0,0,0,OK,0.0,0.0,0.0,0.0,0,0,OK
15,1337555,16,66,0.0,0.0,0.0,0.0,0,0,OK,0.0,0.0,0.0,0.0,0,0,OK,0.0,0.0,0.0,0.0,0,0,OK,0.0,0.0,0.0,0.0,0,0,OK
20,1543553,21,71,0.0,0.0,0.0,0.0,0,0,OK,0.0,0.0,0.0,0.0,0,0,OK,0.0,0.0,0.0,0.0,0,0,OK,0.0,0.0,0.0,0.0,0,0,OK
25,1749553,26,76,0.0,0.0,0.0,0.0,0,0,OK,0.0,0.0,0.0,0.0,0,0,OK,0.0,0.0,0.0,0.0,0,0,OK,0.0,0.0,0.0,0.0,0,0,OK
30,1955553,31,81,0.0,0.0,0.0,0.0,0,0,OK,0.0,0.0,0.0,0.0,0,0,OK,0.0,0.0,0.0,0.0,0,0,OK,0.0,0.0,0.0,0.0,0,0,OK
35,2161556,36,86,0.0,0.0,0.0,0.0,0,0,OK,0.0,0.0,0.0,0.0,0,0,OK,0.0,0.0,0.0,0.0,0,0,OK,0.0,0.0,0.0,0.0,0,0,OK
40,2367553,41,91,0.0,0.0,0.0,0.0,0,0,OK,0.0,0.0,0.0,0.0,0,0,OK,0.0,0.0,0.0,0.0,0,0,OK,0.0,0.0,0.0,0.0,0,0,OK
45,2573554,46,96,0.0,0.0,0.0,0.0,0,0,OK,0.0,0.0,0.0,0.0,0,0,OK,0.0,0.0,0.0,0.0,0,0,OK,0.0,0.0,0.0,0.0,0,0,OK
50,2779554,51,1,0.0,0.0,0.0,0.0,0,0,OK,0.0,0.0,0.0,0.0,0,0,OK,0.0,0.0,0.0,0.0,0,0,OK,0.0,0.0,0.0,0.0,0,0,OK
55,2985553,56,6,0.0,0.0,0.0,0.0,0,0,OK,0.0,0.0,0.0,0.0,0,0,OK,0.0,0.0,0.0,0.0,0,0,OK,0.0,0.0,0.0,0.0,0,0,OK
60,3191554,61,11,0.0,0.0,0.0,0.0,0,0,OK,0.0,0.0,0.0,0.0,0,0,OK,0.0,0.0,0.0,0.0,0,0,OK,0.0,0.0,0.0,0.0,0,0,OK
65,3397553,66,16,0.0,0.0,0.0,0.0,0,0,OK,0.0,0.0,0.0,0.0,0,0,OK,0.0,0.0,0.0,0.0,0,0,OK,0.0,0.0,0.0,0.0,0,0,OK
70,3603556,71,21,0.0,0.0,0.0,0.0,0,0,OK,0.0,0.0,0.0,0.0,0,0,OK,0.0,0.0,0.0,0.0,0,0,OK,0.0,0.0,0.0,0.0,0,0,OK
75,3809556,76,26,0.0,0.0,0.0,0.0,0,0,OK,0.0,0.0,0.0,0.0,0,0,OK,0.0,0.0,0.0,0.0,0,0,OK,0.0,0.0,0.0,0.0,0,0,OK
80,4015553,81,31,0.0,0.0,0.0,0.0,0,0,OK,0.0,0.0,0.0,0.0,0,0,OK,0.0,0.0,0.0,0.0,0,0,OK,0.0,0.0,0.0,0.0,0,0,OK
85,4222033,86,36,0.0,0.0,0.0,0.0,0,0,OK,16.7,13440.0,1920.0,11.56,21,0,OK,0.0,0.0,0.0,0.0,0,0,OK,-128.5,-7710.0,-1101.429,44.79,-8,62,Unknown(62)
90,4427932,91,41,-10.1,-4340.0,-620.0,-5.53,23,0,OK,53.5,-1960.0,-280.0,-0.38,21,0,OK,-4.6,-550.0,-78.571,4.26,20,0,OK,-5.2,-1100.0,-157.143,9.91,22,0,OK
95,4633932,96,46,-10.1,-4340.0,-620.0,-5.53,23,0,OK,32.8,-1230.0,-175.714,-3.18,21,0,OK,-4.6,-550.0,-78.571,4.26,20,0,OK,-12.6,-1370.0,-195.714,5.89,22,0,OK
100,4839930,1,51,-10.1,-4340.0,-620.0,-5.53,23,0,OK,22.7,-1960.0,-280.0,-1.5,21,0,OK,-4.6,-550.0,-78.571,4.26,20,0,OK,-18.5,-520.0,-74.286,1.92,22,0,OK
105,5046039,6,56,-9.7,-330.0,-47.143,0.48,23,0,OK,12.5,-1200.0,-171.429,-1.61,21,0,OK,-4.9,1070.0,152.857,-2.03,20,0,OK,-19.0,10.0,1.429,2.12,22,0,OK
110,5251932,11,61,-9.7,-330.0,-47.143,0.48,23,0,OK,7.8,-340.0,-48.571,1.72,21,0,OK,-4.9,1070.0,152.857,-2.03,20,0,OK,-15.0,1190.0,170.0,9.05,22,0,OK
115,5457932,16,66,-9.7,-330.0,-47.143,0.48,23,0,OK,6.8,-80.0,-11.429,1.16,21,0,OK,-4.9,1070.0,152.857,-2.03,20,0,OK,-9.0,550.0,78.571,11.51,22,0,OK
120,5664146,21,71,0.2,930.0,132.857,1.12,23,0,OK,6.8,0.0,0.0,1.25,21,0,OK,-4.9,1070.0,152.857,-2.03,20,0,OK,-4.0,120.0,17.143,10.35,22,0,OK
125,5869930,26,76,2.2,1100.0,157.143,1.22,23,0,OK,7.7,290.0,41.429,1.88,21,0,OK,-16.8,-2290.0,-327.143,5.36,21,0,OK,-3.4,90.0,12.857,4.59,22,0,OK
130,6075932,31,81,2.2,1100.0,157.143,1.22,23,0,OK,9.2,350.0,50.0,2.47,21,0,OK,-16.8,-2290.0,-327.143,5.36,21,0,OK,-1.6,660.0,94.286,0.5,22,0,OK
135,6282040,36,86,2.2,1100.0,157.143,1.22,23,0,OK,10.2,0.0,0.0,4.12,21,0,OK,-16.8,-2290.0,-327.143,5.36,21,0,OK,5.4,900.0,128.571,3.07,22,0,OK
140,6487931,41,91,11.4,40.0,5.714,8.17,23,0,OK,10.3,140.0,20.0,5.27,21,0,OK,-44.1,1120.0,160.0,5.17,21,0,OK,14.7,1270.0,181.429,1.27,22,0,OK
145,6693930,46,96,11.4,40.0,5.714,8.17,23,0,OK,11.2,0.0,0.0,5.57,21,0,OK,-44.1,1120.0,160.0,5.17,21,0,OK,19.9,290.0,41.429,0.03,22,0,OK
150,6899932,51,1,11.4,40.0,5.714,8.17,23,0,OK,11.1,0.0,0.0,3.85,21,0,OK,-44.1,1120.0,160.0,5.17,21,0,OK,20.5,-40.0,-5.714,1.16,22,0,OK
155,7106043,56,6,17.3,380.0,54.286,7.06,23,0,OK,8.7,-840.0,-120.0,2.63,21,0,OK,-6.8,640.0,91.429,1.27,20,0,OK,18.1,-480.0,-68.571,0.38,22,0,OK
160,7311931,61,11,17.3,380.0,54.286,7.06,23,0,OK,2.5,-930.0,-132.857,2.42,21,0,OK,-6.8,640.0,91.429,1.27,20,0,OK,10.0,-1260.0,-180.0,-2.74,22,0,OK
165,7517931,66,16,17.3,380.0,54.286,7.06,23,0,OK,2.6,900.0,128.571,4.77,21,0,OK,-6.8,640.0,91.429,1.27,20,0,OK,2.7,-950.0,-135.714,4.62,22,0,OK
170,7724043,71,21,11.3,-870.0,-124.286,10.28,23,0,OK,12.6,2140.0,305.714,5.1,21,0,OK,-6.8,640.0,91.429,1.27,20,0,OK,-0.6,10.0,1.429,2.22,22,0,OK
175,7929933,76,26,10.3,-750.0,-107.143,10.9,23,0,OK,32.1,2430.0,347.143,7.25,21,0,OK,-4.2,320.0,45.714,0.25,20,0,OK,-1.1,-630.0,-90.0,0.93,22,0,OK
180,8135931,81,31,10.3,-750.0,-107.143,10.9,23,0,OK,44.6,1650.0,235.714,6.69,21,0,OK,-4.2,320.0,45.714,0.25,20,0,OK,-0.7,270.0,38.571,6.16,22,0,OK
185,8341931,86,36,10.3,-750.0,-107.143,10.9,23,0,OK,50.4,90.0,12.857,6.36,21,0,OK,-4.2,320.0,45.714,0.25,20,0,OK,-2.4,-370.0,-52.857,9.13,22,0,OK
190,8547932,91,41,-8.0,-1070.0,-152.857,0.18,23,0,OK,45.5,-1840.0,-262.857,-5.11,21,0,OK,-5.8,-420.0,-60.0,3.79,20,0,OK,-9.0,-1240.0,-177.143,6.98,22,0,OK
195,8753932,96,46,-8.0,-1070.0,-152.857,0.18,23,0,OK,32.4,-2270.0,-324.286,-4.81,21,0,OK,-5.8,-420.0,-60.0,3.79,20,0,OK,-15.4,-810.0,-115.714,4.57,22,0,OK
200,8959931,1,51,-8.0,-1070.0,-152.857,0.18,23,0,OK,20.4,-1390.0,-198.571,-2.77,21,0,OK,-5.8,-420.0,-60.0,3.79,20,0,OK,-18.1,10.0,1.429,2.65,22,0,OK
205,9166042,6,56,-11.2,850.0,121.429,-0.53,23,0,OK,12.3,-860.0,-122.857,-1.27,21,0,OK,-3.7,970.0,138.571,2.48,20,0,OK,-17.0,420.0,60.0,3.84,22,0,OK
210,9371932,11,61,-11.2,850.0,121.429,-0.53,23,0,OK,9.9,-270.0,-38.571,-0.35,21,0,OK,-3.7,970.0,138.571,2.48,20,0,OK,-12.1,760.0,108.571,10.29,22,0,OK
215,9577932,16,66,-11.2,850.0,121.429,-0.53,23,0,OK,9.5,-310.0,-44.286,0.36,21,0,OK,-3.7,970.0,138.571,2.48,20,0,OK,-8.9,410.0,58.571,10.85,22,0,OK
220,9784039,21,71,2.5,60.0,8.571,0.27,23,0,OK,8.7,-60.0,-8.571,-0.18,21,0,OK,-3.7,970.0,138.571,2.48,20,0,OK,-6.9,0.0,0.0,8.41,22,0,OK
225,9989931,26,76,2.6,20.0,2.857,0.32,23,0,OK,7.7,10.0,1.429,2.11,21,0,OK,-17.7,-2340.0,-334.286,4.81,21,0,OK,-6.0,610.0,87.143,3.58,22,0,OK
230,10195932,31,81,2.6,20.0,2.857,0.32,23,0,OK,7.8,20.0,2.857,3.97,21,0,OK,-17.7,-2340.0,-334.286,4.81,21,0,OK,-2.1,920.0,131.429,0.79,22,0,OK
235,10401932,36,86,2.6,20.0,2.857,0.32,23,0,OK,9.0,370.0,52.857,4.58,21,0,OK,-17.7,-2340.0,-334.286,4.81,21,0,OK,7.0,1170.0,167.143,1.56,22,0,OK
240,10607930,41,91,11.0,910.0,130.0,8.22,23,0,OK,11.3,450.0,64.286,4.34,21,0,OK,-43.1,1060.0,151.429,5.64,21,0,OK,16.7,1000.0,142.857,0.17,22,0,OK
245,10813930,46,96,11.0,910.0,130.0,8.22,23,0,OK,13.2,80.0,11.429,4.06,21,0,OK,-43.1,1060.0,151.429,5.64,21,0,OK,20.6,430.0,61.429,-0.46,22,0,OK
250,11019932,51,1,11.0,910.0,130.0,8.22,23,0,OK,13.1,-170.0,-24.286,2.95,21,0,OK,-43.1,1060.0,151.429,5.64,21,0,OK,20.1,-390.0,-55.714,0.41,22,0,OK
255,11226040,56,6,17.5,-470.0,-67.143,8.06,24,0,OK,7.9,-1060.0,-151.429,3.59,21,0,OK,-7.2,520.0,74.286,-0.66,21,0,OK,17.2,-750.0,-107.143,-0.44,22,0,OK
260,11431931,61,11,17.5,-470.0,-67.143,8.06,24,0,OK,1.1,-480.0,-68.571,2.54,22,0,OK,-7.2,520.0,74.286,-0.66,21,0,OK,8.4,-1180.0,-168.571,4.15,22,0,OK
265,11637930,66,16,17.5,-470.0,-67.143,8.06,24,0,OK,2.0,830.0,118.571,5.41,22,0,OK,-7.2,520.0,74.286,-0.66,21,0,OK,2.9,-680.0,-97.143,4.3,22,0,OK
270,11844148,71,21,17.5,-470.0,-67.143,8.06,24,0,OK,18.9,2340.0,334.286,5.4,21,0,OK,-7.2,520.0,74.286,-0.66,21,0,OK,0.9,10.0,1.429,1.08,22,0,OK
275,12049933,76,26,11.7,-90.0,-12.857,9.18,24,0,OK,33.3,2490.0,355.714,6.9,21,0,OK,-3.6,320.0,45.714,-0.18,21,0,OK,-0.4,-380.0,-54.286,1.73,22,0,OK
280,12255930,81,31,11.7,-90.0,-12.857,9.18,24,0,OK,45.9,1500.0,214.286,6.08,22,0,OK,-3.6,320.0,45.714,-0.18,21,0,OK,-0.3,-150.0,-21.429,6.34,22,0,OK
285,12461931,86,36,11.7,-90.0,-12.857,9.18,24,0,OK,50.2,-40.0,-5.714,6.43,22,0,OK,-3.6,320.0,45.714,-0.18,21,0,OK,-3.4,-630.0,-90.0,7.82,22,0,OK
290,12667932,91,41,-11.6,-1300.0,-185.714,-1.87,24,0,OK,44.3,-1960.0,-280.0,6.11,22,0,OK,-6.3,-370.0,-52.857,3.33,21,0,OK,-10.3,-1210.0,-172.857,6.17,22,0,OK
295,12873933,96,46,-11.6,-1300.0,-185.714,-1.87,24,0,OK,31.7,-2170.0,-310.0,-5.02,22,0,OK,-6.3,-370.0,-52.857,3.33,21,0,OK,-15.9,-720.0,-102.857,4.14,22,0,OK
300,13079931,1,51,-11.6,-1300.0,-185.714,-1.87,24,0,OK,20.4,-1540.0,-220.0,-2.77,22,0,OK,-6.3,-370.0,-52.857,3.33,21,0,OK,-17.4,30.0,4.286,3.25,23,0,OK
305,13286146,6,56,-8.1,990.0,141.429,-2.19,24,0,OK,14.5,-810.0,-115.714,1.77,21,0,OK,-3.4,910.0,130.0,2.76,21,0,OK,-15.9,540.0,77.143,5.02,22,0,OK
310,13491932,11,61,-8.1,990.0,141.429,-2.19,24,0,OK,10.6,-170.0,-24.286,0.3,22,0,OK,-3.4,910.0,130.0,2.76,21,0,OK,-11.5,690.0,98.571,10.84,22,0,OK
315,13697932,16,66,-8.1,990.0,141.429,-2.19,24,0,OK,9.0,-270.0,-38.571,0.24,22,0,OK,-3.4,910.0,130.0,2.76,21,0,OK,-9.5,20.0,2.857,10.17,22,0,OK
320,13904146,21,71,-8.1,990.0,141.429,-2.19,24,0,OK,7.6,-330.0,-47.143,1.54,22,0,OK,-3.4,910.0,130.0,2.76,21,0,OK,-7.9,20.0,2.857,7.68,22,0,OK
325,14109930,26,76,0.9,-20.0,-2.857,2.37,24,0,OK,7.3,-10.0,-1.429,2.47,22,0,OK,-18.1,-2370.0,-338.571,4.53,21,0,OK,-6.5,630.0,90.0,2.7,22,0,OK
330,14315932,31,81,0.9,-20.0,-2.857,2.37,24,0,OK,7.5,130.0,18.571,3.94,22,0,OK,-18.1,-2370.0,-338.571,4.53,21,0,OK,-1.9,970.0,138.571,0.45,22,0,OK
335,14521932,36,86,0.9,-20.0,-2.857,2.37,24,0,OK,9.2,390.0,55.714,4.07,22,0,OK,-18.1,-2370.0,-338.571,4.53,21,0,OK,7.6,1310.0,187.143,1.1,22,0,OK
340,14727932,41,91,14.3,850.0,121.429,7.07,24,0,OK,11.6,440.0,62.857,4.18,22,0,OK,-42.9,1020.0,145.714,5.78,21,0,OK,17.2,1100.0,157.143,-0.08,22,0,OK
345,14933931,46,96,14.3,850.0,121.429,7.07,24,0,OK,13.3,-10.0,-1.429,4.09,22,0,OK,-42.9,1020.0,145.714,5.78,21,0,OK,20.6,40.0,5.714,-0.09,22,0,OK
350,15139932,51,1,14.3,850.0,121.429,7.07,24,0,OK,12.8,-370.0,-52.857,2.81,22,0,OK,-42.9,1020.0,145.714,5.78,21,0,OK,19.9,-490.0,-70.0,0.16,22,0,OK
355,15346041,56,6,16.7,-360.0,-51.429,8.8,24,0,OK,8.3,-790.0,-112.857,4.21,22,0,OK,-7.5,440.0,62.857,-0.38,21,0,OK,16.7,-670.0,-95.714,-0.9,22,0,OK
360,15551931,61,11,16.3,-420.0,-60.0,9.41,24,0,OK,1.1,-390.0,-55.714,2.68,22,0,OK,-7.5,440.0,62.857,-0.38,21,0,OK,8.0,-1050.0,-150.0,3.69,22,0,OK
365,15757931,66,16,16.3,-420.0,-60.0,9.41,24,0,OK,2.1,1000.0,142.857,5.46,22,0,OK,-7.5,440.0,62.857,-0.38,21,0,OK,3.3,-570.0,-81.429,4.32,22,0,OK
370,15963932,71,21,16.3,-420.0,-60.0,9.41,24,0,OK,16.1,2280.0,325.714,6.0,22,0,OK,-7.5,440.0,62.857,-0.38,21,0,OK,1.7,0.0,0.0,1.31,22,0,OK
375,16169932,76,26,11.6,-110.0,-15.714,6.76,24,0,OK,33.6,2450.0,350.0,6.76,22,0,OK,-3.4,50.0,7.143,-0.42,21,0,OK,0.1,-60.0,-8.571,2.62,22,0,OK
380,16375930,81,31,11.6,-110.0,-15.714,6.76,24,0,OK,45.9,1460.0,208.571,6.21,22,0,OK,-3.4,50.0,7.143,-0.42,21,0,OK,-0.2,-250.0,-35.714,5.87,22,0,OK
385,16581930,86,36,11.6,-110.0,-15.714,6.76,24,0,OK,49.9,-60.0,-8.571,6.6,22,0,OK,-3.4,50.0,7.143,-0.42,21,0,OK,-3.6,-580.0,-82.857,8.07,23,0,OK
390,16787932,91,41,-13.7,-1030.0,-147.143,-1.92,24,0,OK,44.1,-1950.0,-278.571,6.33,22,0,OK,-6.9,-310.0,-44.286,3.49,21,0,OK,-10.5,-1210.0,-172.857,5.98,23,0,OK
395,16993932,96,46,-13.7,-1030.0,-147.143,-1.92,24,0,OK,31.7,-2180.0,-311.429,-4.85,22,0,OK,-6.9,-310.0,-44.286,3.49,21,0,OK,-15.9,-670.0,-95.714,4.37,23,0,OK
400,17199932,1,51,-13.7,-1030.0,-147.143,-1.92,24,0,OK,20.5,-1560.0,-222.857,-2.64,22,0,OK,-6.9,-310.0,-44.286,3.49,21,0,OK,-17.2,80.0,11.429,3.46,23,0,OK
405,17405930,6,56,-9.1,930.0,132.857,-1.99,24,0,OK,13.5,-710.0,-101.429,1.36,22,0,OK,-4.5,830.0,118.571,2.35,21,0,OK,-15.0,700.0,100.0,6.05,23,0,OK
410,17611932,11,61,-7.8,950.0,135.714,2.04,24,0,OK,10.6,-230.0,-32.857,0.18,22,0,OK,-3.2,1000.0,142.857,3.0,21,0,OK,-11.5,630.0,90.0,10.52,23,0,OK
415,17817932,16,66,-7.8,950.0,135.714,2.04,24,0,OK,9.0,-150.0,-21.429,0.05,22,0,OK,-3.2,1000.0,142.857,3.0,21,0,OK,-9.6,50.0,7.143,9.96,23,0,OK
420,18023931,21,71,-7.8,950.0,135.714,2.04,24,0,OK,7.9,-110.0,-15.714,0.62,22,0,OK,-3.2,1000.0,142.857,3.0,21,0,OK,-8.3,210.0,30.0,8.11,23,0,OK
425,18229931,26,76,0.7,0.0,0.0,3.3,24,0,OK,7.3,-20.0,-2.857,2.49,22,0,OK,-21.5,-2240.0,-320.0,4.63,21,0,OK,-6.6,680.0,97.143,3.26,23,0,OK
430,18435932,31,81,0.7,0.0,0.0,3.3,24,0,OK,7.6,330.0,47.143,3.41,22,0,OK,-21.5,-2240.0,-320.0,4.63,21,0,OK,-1.8,1070.0,152.857,0.32,23,0,OK
435,18641932,36,86,0.7,0.0,0.0,3.3,24,0,OK,9.3,280.0,40.0,4.01,22,0,OK,-21.5,-2240.0,-320.0,4.63,21,0,OK,7.7,1320.0,188.571,0.93,23,0,OK
440,18848039,41,91,15.5,730.0,104.286,7.03,24,0,OK,11.7,430.0,61.429,4.44,22,0,OK,-41.0,1420.0,202.857,5.9,21,0,OK,17.2,1130.0,161.429,-0.21,23,0,OK
445,19053930,46,96,15.5,730.0,104.286,7.03,24,0,OK,13.2,-10.0,-1.429,4.17,22,0,OK,-41.0,1420.0,202.857,5.9,21,0,OK,20.6,350.0,50.0,-0.3,23,0,OK
450,19259932,51,1,15.5,730.0,104.286,7.03,24,0,OK,12.9,-400.0,-57.143,3.39,22,0,OK,-41.0,1420.0,202.857,5.9,21,0,OK,19.7,-600.0,-85.714,0.06,23,0,OK
455,19466038,56,6,16.6,-410.0,-58.571,8.97,24,0,OK,8.2,-810.0,-115.714,4.22,22,0,OK,-8.4,540.0,77.143,-0.36,21,0,OK,13.9,-1070.0,-152.857,-2.23,23,0,OK
460,19671930,61,11,15.9,-260.0,-37.143,9.64,24,0,OK,1.1,-390.0,-55.714,2.73,22,0,OK,-7.6,530.0,75.714,-0.52,21,0,OK,7.9,-1000.0,-142.857,3.92,23,0,OK
465,19877931,66,16,15.9,-260.0,-37.143,9.64,24,0,OK,2.3,1200.0,171.429,5.07,22,0,OK,-7.6,530.0,75.714,-0.52,21,0,OK,3.5,-550.0,-78.571,4.0,23,0,OK
470,20083932,71,21,15.9,-260.0,-37.143,9.64,24,0,OK,16.1,2330.0,332.857,6.35,22,0,OK,-7.6,530.0,75.714,-0.52,21,0,OK,2.0,10.0,1.429,0.9,23,0,OK
475,20289932,76,26,10.9,-70.0,-10.0,6.05,24,0,OK,33.5,2390.0,341.429,6.78,22,0,OK,-3.5,0.0,0.0,0.51,21,0,OK,0.1,-40.0,-5.714,2.6,23,0,OK
480,20495931,81,31,10.9,-70.0,-10.0,6.05,24,0,OK,45.8,1480.0,211.429,6.24,22,0,OK,-3.5,0.0,0.0,0.51,21,0,OK,-0.5,-210.0,-30.0,6.19,23,0,OK
485,20701931,86,36,10.9,-70.0,-10.0,6.05,24,0,OK,50.0,-30.0,-4.286,6.53,22,0,OK,-3.5,0.0,0.0,0.51,21,0,OK,-4.0,-600.0,-85.714,7.55,23,0,OK
490,20908147,91,41,-14.7,-780.0,-111.429,1.98,24,0,OK,48.5,-590.0,-84.286,6.31,22,0,OK,-7.5,-290.0,-41.429,3.39,22,0,OK,-8.9,-890.0,-127.143,6.15,23,0,OK
495,21113932,96,46,-14.7,-780.0,-111.429,1.98,24,0,OK,31.7,-2180.0,-311.429,-4.83,22,0,OK,-7.5,-290.0,-41.429,3.39,22,0,OK,-15.9,-620.0,-88.571,4.24,23,0,OK
500,21319930,1,51,-14.7,-780.0,-111.429,1.98,24,0,OK,20.4,-1560.0,-222.857,-2.6,22,0,OK,-7.5,-290.0,-41.429,3.39,22,0,OK,-16.9,60.0,8.571,3.55,23,0,OK
505,21526038,6,56,-9.2,880.0,125.714,-1.64,25,0,OK,13.5,-730.0,-104.286,1.28,22,0,OK,-4.4,810.0,115.714,2.58,22,0,OK,-14.3,520.0,74.286,7.22,23,0,OK
510,21731932,11,61,-6.6,950.0,135.714,2.73,25,0,OK,10.5,-380.0,-54.286,-0.09,22,0,OK,-1.7,1010.0,144.286,3.25,22,0,OK,-11.5,600.0,85.714,10.61,23,0,OK
515,21937932,16,66,-6.6,950.0,135.714,2.73,25,0,OK,9.0,-120.0,-17.143,0.06,22,0,OK,-1.7,1010.0,144.286,3.25,22,0,OK,-9.8,30.0,4.286,9.85,23,0,OK
520,22143931,21,71,-6.6,950.0,135.714,2.73,25,0,OK,7.9,-180.0,-25.714,0.73,22,0,OK,-1.7,1010.0,144.286,3.25,22,0,OK,-8.5,150.0,21.429,7.72,23,0,OK
525,22349930,26,76,2.1,450.0,64.286,3.72,25,0,OK,7.3,0.0,0.0,2.4,22,0,OK,-24.6,-2240.0,-320.0,4.49,22,0,OK,-6.6,740.0,105.714,3.02,23,0,OK
530,22555933,31,81,2.1,450.0,64.286,3.72,25,0,OK,7.6,390.0,55.714,3.6,22,0,OK,-24.6,-2240.0,-320.0,4.49,22,0,OK,-1.6,1130.0,161.429,0.16,23,0,OK
535,22761932,36,86,2.1,450.0,64.286,3.72,25,0,OK,9.3,270.0,38.571,4.05,22,0,OK,-24.6,-2240.0,-320.0,4.49,22,0,OK,7.8,1340.0,191.429,0.79,23,0,OK
540,22968042,41,91,14.4,720.0,102.857,7.56,25,0,OK,11.0,290.0,41.429,3.81,22,0,OK,-38.8,1690.0,241.429,6.12,22,0,OK,15.2,1280.0,182.857,-0.11,23,0,OK
545,23173931,46,96,15.4,720.0,102.857,6.81,25,0,OK,13.2,0.0,0.0,4.07,22,0,OK,-38.8,1690.0,241.429,6.12,22,0,OK,20.4,370.0,52.857,-0.49,23,0,OK
550,23379932,51,1,15.4,720.0,102.857,6.81,25,0,OK,12.9,-420.0,-60.0,3.12,23,0,OK,-38.8,1690.0,241.429,6.12,22,0,OK,19.6,-550.0,-78.571,-0.19,23,0,OK
555,23586152,56,6,15.4,720.0,102.857,6.81,25,0,OK,7.0,-960.0,-137.143,4.15,23,0,OK,-38.8,1690.0,241.429,6.12,22,0,OK,13.8,-1090.0,-155.714,-1.97,23,0,OK
560,23791930,61,11,15.6,-310.0,-44.286,10.94,25,0,OK,1.1,-400.0,-57.143,2.83,23,0,OK,-7.0,470.0,67.143,-0.23,22,0,OK,7.9,-980.0,-140.0,3.82,23,0,OK
565,23997931,66,16,15.6,-310.0,-44.286,10.94,25,0,OK,2.2,1200.0,171.429,5.44,23,0,OK,-7.0,470.0,67.143,-0.23,22,0,OK,3.7,-470.0,-67.143,3.73,23,0,OK
570,24203933,71,21,15.6,-310.0,-44.286,10.94,25,0,OK,16.2,2340.0,334.286,6.46,23,0,OK,-7.0,470.0,67.143,-0.23,22,0,OK,2.1,40.0,5.714,0.71,23,0,OK
575,24409932,76,26,10.3,-390.0,-55.714,5.2,25,0,OK,33.6,2340.0,334.286,6.87,23,0,OK,-3.3,0.0,0.0,0.64,22,0,OK,0.1,-50.0,-7.143,2.6,23,0,OK
580,24615931,81,31,10.3,-390.0,-55.714,5.2,25,0,OK,45.9,1490.0,212.857,6.25,23,0,OK,-3.3,0.0,0.0,0.64,22,0,OK,-0.6,-520.0,-74.286,5.63,23,0,OK
585,24821930,86,36,10.3,-390.0,-55.714,5.2,25,0,OK,50.0,-40.0,-5.714,6.47,23,0,OK,-3.3,0.0,0.0,0.64,22,0,OK,-4.1,-670.0,-95.714,7.12,23,0,OK
590,25028041,91,41,-13.5,-1040.0,-148.571,-1.63,25,0,OK,47.1,-990.0,-141.429,6.83,23,0,OK,-7.5,-290.0,-41.429,3.47,22,0,OK,-8.9,-890.0,-127.143,6.17,23,0,OK
595,25233932,96,46,-14.7,-770.0,-110.0,1.96,25,0,OK,31.6,-2210.0,-315.714,-4.58,23,0,OK,-7.5,-290.0,-41.429,3.47,22,0,OK,-15.7,-640.0,-91.429,4.73,24,0,OK
600,25439931,1,51,-14.7,-770.0,-110.0,1.96,25,0,OK,20.4,-1610.0,-230.0,-2.74,23,0,OK,-7.5,-290.0,-41.429,3.47,22,0,OK,-16.9,120.0,17.143,3.8,24,0,OK
605,25646038,6,56,-14.7,-770.0,-110.0,1.96,25,0,OK,13.5,-710.0,-101.429,-1.13,23,0,OK,-7.5,-290.0,-41.429,3.47,22,0,OK,-14.4,450.0,64.286,6.85,24,0,OK
610,25851932,11,61,-4.5,740.0,105.714,3.11,25,0,OK,10.5,-310.0,-44.286,-0.04,23,0,OK,-1.7,1040.0,148.571,3.24,22,0,OK,-11.7,540.0,77.143,10.04,23,0,OK
615,26057932,16,66,-4.5,740.0,105.714,3.11,25,0,OK,9.0,-160.0,-22.857,0.03,23,0,OK,-1.7,1040.0,148.571,3.24,22,0,OK,-10.1,10.0,1.429,9.65,23,0,OK
620,26263930,21,71,-4.5,740.0,105.714,3.11,25,0,OK,7.8,-280.0,-40.0,1.04,23,0,OK,-1.7,1040.0,148.571,3.24,22,0,OK,-8.6,170.0,24.286,7.93,23,0,OK
625,26470039,26,76,2.3,20.0,2.857,4.74,25,0,OK,7.4,-10.0,-1.429,1.51,23,0,OK,-24.7,-2230.0,-318.571,4.51,22,0,OK,-6.5,750.0,107.143,2.88,23,0,OK
630,26675932,31,81,2.3,20.0,2.857,4.74,25,0,OK,7.7,150.0,21.429,3.79,23,0,OK,-24.7,-2230.0,-318.571,4.51,22,0,OK,-1.4,1170.0,167.143,0.13,23,0,OK
635,26881932,36,86,2.3,20.0,2.857,4.74,25,0,OK,9.4,400.0,57.143,3.93,23,0,OK,-24.7,-2230.0,-318.571,4.51,22,0,OK,7.9,1360.0,194.286,0.81,23,0,OK
640,27087930,41,91,14.5,710.0,101.429,7.48,25,0,OK,11.4,350.0,50.0,4.08,23,0,OK,-40.9,1440.0,205.714,6.05,22,0,OK,16.6,940.0,134.286,-0.1,23,0,OK
645,27293930,46,96,16.4,630.0,90.0,6.72,25,0,OK,13.2,0.0,0.0,4.12,23,0,OK,-38.7,1700.0,242.857,6.2,22,0,OK,20.4,330.0,47.143,-0.6,23,0,OK
650,27499931,51,1,16.4,630.0,90.0,6.72,25,0,OK,12.8,-450.0,-64.286,2.96,23,0,OK,-38.7,1700.0,242.857,6.2,22,0,OK,19.5,-560.0,-80.0,-0.03,24,0,OK
655,27705933,56,6,16.4,630.0,90.0,6.72,25,0,OK,8.2,-780.0,-111.429,3.43,23,0,OK,-38.7,1700.0,242.857,6.2,22,0,OK,15.0,-890.0,-127.143,-1.46,24,0,OK
660,27911931,61,11,15.4,-300.0,-42.857,11.61,25,0,OK,1.1,-370.0,-52.857,2.81,23,0,OK,-6.5,330.0,47.143,0.04,22,0,OK,7.9,-950.0,-135.714,3.75,24,0,OK
665,28117930,66,16,15.4,-300.0,-42.857,11.61,25,0,OK,2.3,1300.0,185.714,5.19,23,0,OK,-6.5,330.0,47.143,0.04,22,0,OK,3.8,-360.0,-51.429,4.13,24,0,OK
670,28323933,71,21,15.4,-300.0,-42.857,11.61,25,0,OK,16.3,2390.0,341.429,6.1,23,0,OK,-6.5,330.0,47.143,0.04,22,0,OK,2.3,10.0,1.429,0.65,24,0,OK
675,28529933,76,26,10.3,-400.0,-57.143,5.46,25,0,OK,26.0,2330.0,332.857,5.51,23,0,OK,-3.3,0.0,0.0,0.92,22,0,OK,0.1,-40.0,-5.714,2.6,24,0,OK
680,28735930,81,31,9.6,-450.0,-64.286,4.39,25,0,OK,45.9,1510.0,215.714,6.33,23,0,OK,-3.3,0.0,0.0,0.92,22,0,OK,-0.8,-420.0,-60.0,5.71,24,0,OK
685,28941931,86,36,9.6,-450.0,-64.286,4.39,25,0,OK,50.0,-60.0,-8.571,6.48,23,0,OK,-3.3,0.0,0.0,0.92,22,0,OK,-4.3,-790.0,-112.857,6.94,24,0,OK
690,29148147,91,41,9.6,-450.0,-64.286,4.39,25,0,OK,43.0,-1570.0,-224.286,6.69,23,0,OK,-7.5,-290.0,-41.429,3.32,22,0,OK,-10.2,-960.0,-137.143,5.87,24,0,OK
695,29353933,96,46,-16.4,-430.0,-61.429,1.8,25,0,OK,31.5,-2210.0,-315.714,-4.52,23,0,OK,-7.5,-290.0,-41.429,3.32,22,0,OK,-15.7,-630.0,-90.0,4.75,24,0,OK
700,29559931,1,51,-16.4,-430.0,-61.429,1.8,25,0,OK,20.3,-1640.0,-234.286,-2.71,23,0,OK,-7.5,-290.0,-41.429,3.32,22,0,OK,-16.8,60.0,8.571,3.6,24,0,OK
705,29765931,6,56,-16.4,-430.0,-61.429,1.8,25,0,OK,13.4,-670.0,-95.714,-0.84,23,0,OK,-7.5,-290.0,-41.429,3.32,22,0,OK,-14.7,460.0,65.714,6.37,24,0,OK
710,29971932,11,61,-3.6,530.0,75.714,2.61,25,0,OK,10.5,-410.0,-58.571,-0.08,23,0,OK,-0.2,980.0,140.0,2.69,23,0,OK,-11.6,500.0,71.429,10.5,24,0,OK
715,30177932,16,66,-3.6,530.0,75.714,2.61,25,0,OK,8.9,-270.0,-38.571,-0.23,23,0,OK,-0.2,980.0,140.0,2.69,23,0,OK,-10.1,10.0,1.429,9.6,24,0,OK
720,30383930,21,71,-3.6,530.0,75.714,2.61,25,0,OK,7.8,-360.0,-51.429,0.95,23,0,OK,-0.2,980.0,140.0,2.69,23,0,OK,-8.6,260.0,37.143,7.71,24,0,OK
725,30589932,26,76,2.1,470.0,67.143,3.96,25,0,OK,7.1,-30.0,-4.286,1.87,23,0,OK,-27.7,-2150.0,-307.143,4.74,22,0,OK,-6.5,770.0,110.0,3.49,24,0,OK
730,30795933,31,81,2.5,60.0,8.571,4.82,25,0,OK,7.7,260.0,37.143,3.42,23,0,OK,-27.7,-2150.0,-307.143,4.74,22,0,OK,-1.3,1170.0,167.143,0.2,24,0,OK
735,31001932,36,86,2.5,60.0,8.571,4.82,25,0,OK,9.4,350.0,50.0,3.98,23,0,OK,-27.7,-2150.0,-307.143,4.74,22,0,OK,8.0,1370.0,195.714,0.85,24,0,OK
740,31208039,41,91,2.5,60.0,8.571,4.82,25,0,OK,12.0,440.0,62.857,3.85,23,0,OK,-40.9,1440.0,205.714,5.46,23,0,OK,16.6,930.0,132.857,-0.18,24,0,OK
745,31413932,46,96,17.1,480.0,68.571,6.69,26,0,OK,13.2,0.0,0.0,4.08,23,0,OK,-38.7,1710.0,244.286,-6.16,22,0,OK,20.3,120.0,17.143,-0.23,24,0,OK
750,31619932,51,1,17.1,480.0,68.571,6.69,26,0,OK,12.8,-460.0,-65.714,2.96,23,0,OK,-38.7,1710.0,244.286,-6.16,22,0,OK,19.5,-560.0,-80.0,-0.05,24,0,OK
755,31825933,56,6,17.1,480.0,68.571,6.69,26,0,OK,8.2,-790.0,-112.857,3.39,23,0,OK,-38.7,1710.0,244.286,-6.16,22,0,OK,15.0,-890.0,-127.143,-1.56,24,0,OK
760,32032039,61,11,14.9,-320.0,-45.714,11.43,26,0,OK,5.5,-1090.0,-155.714,4.47,23,0,OK,-6.5,310.0,44.286,0.05,23,0,OK,7.9,-960.0,-137.143,3.76,24,0,OK
765,32237930,66,16,14.9,-320.0,-45.714,11.43,26,0,OK,2.4,1320.0,188.571,5.35,23,0,OK,-6.5,310.0,44.286,0.05,23,0,OK,3.7,-390.0,-55.714,4.03,24,0,OK
770,32443931,71,21,14.9,-320.0,-45.714,11.43,26,0,OK,16.4,2460.0,351.429,6.0,23,0,OK,-6.5,310.0,44.286,0.05,23,0,OK,2.3,0.0,0.0,0.58,24,0,OK
775,32649933,76,26,10.2,-270.0,-38.571,4.73,26,0,OK,32.2,2200.0,314.286,5.35,23,0,OK,-3.3,0.0,0.0,0.95,23,0,OK,0.1,-30.0,-4.286,2.63,24,0,OK
780,32855931,81,31,8.7,-540.0,-77.143,3.76,26,0,OK,46.0,1480.0,211.429,6.4,23,0,OK,-3.3,0.0,0.0,0.95,23,0,OK,-0.8,-430.0,-61.429,5.74,24,0,OK
785,33061930,86,36,8.7,-540.0,-77.143,3.76,26,0,OK,50.0,-50.0,-7.143,6.42,23,0,OK,-3.3,0.0,0.0,0.95,23,0,OK,-4.2,-760.0,-108.571,7.21,24,0,OK
790,33267933,91,41,8.7,-540.0,-77.143,3.76,26,0,OK,45.2,-1300.0,-185.714,6.42,23,0,OK,-7.0,-430.0,-61.429,3.47,23,0,OK,-10.1,-900.0,-128.571,6.22,24,0,OK
795,33473932,96,46,-16.9,-340.0,-48.571,1.84,26,0,OK,31.4,-2220.0,-317.143,-4.79,23,0,OK,-7.5,-300.0,-42.857,3.43,23,0,OK,-15.7,-660.0,-94.286,4.38,24,0,OK
800,33679931,1,51,-16.9,-340.0,-48.571,1.84,26,0,OK,20.2,-1670.0,-238.571,-2.85,24,0,OK,-7.5,-300.0,-42.857,3.43,23,0,OK,-16.8,70.0,10.0,3.57,24,0,OK
805,33885930,6,56,-16.9,-340.0,-48.571,1.84,26,0,OK,13.4,-670.0,-95.714,-0.98,24,0,OK,-7.5,-300.0,-42.857,3.43,23,0,OK,-14.8,410.0,58.571,6.34,24,0,OK
810,34092040,11,61,-2.9,470.0,67.143,3.15,26,0,OK,11.3,-410.0,-58.571,0.37,24,0,OK,-0.2,1000.0,142.857,2.78,23,0,OK,-11.7,530.0,75.714,10.01,24,0,OK
815,34297932,16,66,-2.9,470.0,67.143,3.15,26,0,OK,11.3,-410.0,-58.571,0.37,24,0,OK,0.4,-800.0,-114.286,4.33,23,0,OK,-10.1,10.0,1.429,9.64,24,0,OK
820,34503931,21,71,-2.9,470.0,67.143,3.15,26,0,OK,11.3,-410.0,-58.571,0.37,24,0,OK,-11.9,-2640.0,-377.143,5.08,23,0,OK,-8.5,290.0,41.429,7.95,24,0,OK
825,34709931,26,76,2.1,360.0,51.429,4.25,26,0,OK,7.4,0.0,0.0,1.94,24,0,OK,-27.7,-2150.0,-307.143,4.76,23,0,OK,-6.4,720.0,102.857,3.31,24,0,OK
830,34915932,31,81,2.7,80.0,11.429,5.01,26,0,OK,7.4,0.0,0.0,1.94,24,0,OK,-41.6,-1590.0,-227.143,5.51,23,0,OK,-1.3,1210.0,172.857,0.13,24,0,OK
835,35121933,36,86,2.7,80.0,11.429,5.01,26,0,OK,9.4,440.0,62.857,4.37,24,0,OK,-45.2,-580.0,-82.857,5.61,23,0,OK,8.0,1380.0,197.143,0.84,24,0,OK
840,35328039,41,91,2.7,80.0,11.429,5.01,26,0,OK,11.5,400.0,57.143,4.23,24,0,OK,-45.2,-580.0,-82.857,5.61,23,0,OK,17.8,700.0,100.0,0.0,24,0,OK
845,35533931,46,96,18.5,460.0,65.714,6.64,26,0,OK,12.0,440.0,62.857,4.12,24,0,OK,-27.0,2310.0,330.0,-3.91,23,0,OK,20.4,190.0,27.143,-0.38,24,0,OK
850,35739932,51,1,18.5,460.0,65.714,6.64,26,0,OK,13.2,-30.0,-4.286,3.23,24,0,OK,-15.6,1760.0,251.429,-2.21,23,0,OK,19.5,-580.0,-82.857,-0.05,24,0,OK
855,35945933,56,6,18.5,460.0,65.714,6.64,26,0,OK,13.2,-30.0,-4.286,3.23,24,0,OK,-8.4,610.0,87.143,-0.31,23,0,OK,15.0,-860.0,-122.857,-1.36,24,0,OK
860,36151931,61,11,15.4,-100.0,-14.286,11.5,26,0,OK,2.5,-1080.0,-154.286,4.62,24,0,OK,-6.5,360.0,51.429,0.0,23,0,OK,7.9,-980.0,-140.0,3.83,24,0,OK
865,36357931,66,16,14.9,-230.0,-32.857,11.38,26,0,OK,2.5,-1080.0,-154.286,4.62,24,0,OK,-4.8,240.0,34.286,1.3,23,0,OK,3.8,-360.0,-51.429,3.95,24,0,OK
